filename,checkpoint,category,shot_name,shot_prompt,sheet,position,adherence_score,review_note
2026-08-25_19-02-17_6658.png,cyberrealisticXL_v100,Upskirt,Shots/Consensual Upskirt,"carefully staged under-skirt viewpoint with an adult woman lifting the hem slightly for the camera, thighs symmetrically framed and coordinated panties clearly visible",contact_sheets/upskirt_01_carefully-staged-under-skirt-viewpoint-with-an-adult-woman-l.jpg,1,3,Most models produced underwear portraits without the requested lifted-hem viewpoint; Lustify image 8 followed it clearly.
2026-08-25_19-02-24_6934.png,cyberrealisticXL_v100,Upskirt,Shots/Consensual Upskirt,"carefully staged under-skirt viewpoint with an adult woman lifting the hem slightly for the camera, thighs symmetrically framed and coordinated panties clearly visible",contact_sheets/upskirt_01_carefully-staged-under-skirt-viewpoint-with-an-adult-woman-l.jpg,2,2,Most models produced underwear portraits without the requested lifted-hem viewpoint; Lustify image 8 followed it clearly.
2026-08-25_19-08-45_6658.png,juggernautXL_ragnarok,Upskirt,Shots/Consensual Upskirt,"carefully staged under-skirt viewpoint with an adult woman lifting the hem slightly for the camera, thighs symmetrically framed and coordinated panties clearly visible",contact_sheets/upskirt_01_carefully-staged-under-skirt-viewpoint-with-an-adult-woman-l.jpg,3,2,Most models produced underwear portraits without the requested lifted-hem viewpoint; Lustify image 8 followed it clearly.
2026-08-25_19-08-52_6934.png,juggernautXL_ragnarok,Upskirt,Shots/Consensual Upskirt,"carefully staged under-skirt viewpoint with an adult woman lifting the hem slightly for the camera, thighs symmetrically framed and coordinated panties clearly visible",contact_sheets/upskirt_01_carefully-staged-under-skirt-viewpoint-with-an-adult-woman-l.jpg,4,3,Most models produced underwear portraits without the requested lifted-hem viewpoint; Lustify image 8 followed it clearly.
2026-08-25_19-05-33_6658.png,lifeIsGood_v1,Upskirt,Shots/Consensual Upskirt,"carefully staged under-skirt viewpoint with an adult woman lifting the hem slightly for the camera, thighs symmetrically framed and coordinated panties clearly visible",contact_sheets/upskirt_01_carefully-staged-under-skirt-viewpoint-with-an-adult-woman-l.jpg,5,2,Most models produced underwear portraits without the requested lifted-hem viewpoint; Lustify image 8 followed it clearly.
2026-08-25_19-05-40_6934.png,lifeIsGood_v1,Upskirt,Shots/Consensual Upskirt,"carefully staged under-skirt viewpoint with an adult woman lifting the hem slightly for the camera, thighs symmetrically framed and coordinated panties clearly visible",contact_sheets/upskirt_01_carefully-staged-under-skirt-viewpoint-with-an-adult-woman-l.jpg,6,2,Most models produced underwear portraits without the requested lifted-hem viewpoint; Lustify image 8 followed it clearly.
2026-08-25_19-11-56_6658.png,lustifyNSFWCheckpoint_zenithV9,Upskirt,Shots/Consensual Upskirt,"carefully staged under-skirt viewpoint with an adult woman lifting the hem slightly for the camera, thighs symmetrically framed and coordinated panties clearly visible",contact_sheets/upskirt_01_carefully-staged-under-skirt-viewpoint-with-an-adult-woman-l.jpg,7,2,Most models produced underwear portraits without the requested lifted-hem viewpoint; Lustify image 8 followed it clearly.
2026-08-25_19-12-03_6934.png,lustifyNSFWCheckpoint_zenithV9,Upskirt,Shots/Consensual Upskirt,"carefully staged under-skirt viewpoint with an adult woman lifting the hem slightly for the camera, thighs symmetrically framed and coordinated panties clearly visible",contact_sheets/upskirt_01_carefully-staged-under-skirt-viewpoint-with-an-adult-woman-l.jpg,8,5,Most models produced underwear portraits without the requested lifted-hem viewpoint; Lustify image 8 followed it clearly.
2026-08-25_19-04-26_5863.png,cyberrealisticXL_v100,Upskirt,Shots/Consensual Upskirt,"cinematic consensual upskirt-style composition of an adult woman posing above the lens beneath soft backlighting, skirt fabric glowing around a tasteful underwear reveal",contact_sheets/upskirt_02_cinematic-consensual-upskirt-style-composition-of-an-adult-w.jpg,1,2,Backlighting and the below-the-subject camera angle were usually lost; only Lustify image 8 delivered a clear skirt reveal.
2026-08-25_19-04-33_5745.png,cyberrealisticXL_v100,Upskirt,Shots/Consensual Upskirt,"cinematic consensual upskirt-style composition of an adult woman posing above the lens beneath soft backlighting, skirt fabric glowing around a tasteful underwear reveal",contact_sheets/upskirt_02_cinematic-consensual-upskirt-style-composition-of-an-adult-w.jpg,2,2,Backlighting and the below-the-subject camera angle were usually lost; only Lustify image 8 delivered a clear skirt reveal.
2026-08-25_19-10-50_5863.png,juggernautXL_ragnarok,Upskirt,Shots/Consensual Upskirt,"cinematic consensual upskirt-style composition of an adult woman posing above the lens beneath soft backlighting, skirt fabric glowing around a tasteful underwear reveal",contact_sheets/upskirt_02_cinematic-consensual-upskirt-style-composition-of-an-adult-w.jpg,3,3,Backlighting and the below-the-subject camera angle were usually lost; only Lustify image 8 delivered a clear skirt reveal.
2026-08-25_19-10-57_4059.png,juggernautXL_ragnarok,Upskirt,Shots/Consensual Upskirt,"cinematic consensual upskirt-style composition of an adult woman posing above the lens beneath soft backlighting, skirt fabric glowing around a tasteful underwear reveal",contact_sheets/upskirt_02_cinematic-consensual-upskirt-style-composition-of-an-adult-w.jpg,4,2,Backlighting and the below-the-subject camera angle were usually lost; only Lustify image 8 delivered a clear skirt reveal.
2026-08-25_19-07-40_5863.png,lifeIsGood_v1,Upskirt,Shots/Consensual Upskirt,"cinematic consensual upskirt-style composition of an adult woman posing above the lens beneath soft backlighting, skirt fabric glowing around a tasteful underwear reveal",contact_sheets/upskirt_02_cinematic-consensual-upskirt-style-composition-of-an-adult-w.jpg,5,1,Backlighting and the below-the-subject camera angle were usually lost; only Lustify image 8 delivered a clear skirt reveal.
2026-08-25_19-07-47_4059.png,lifeIsGood_v1,Upskirt,Shots/Consensual Upskirt,"cinematic consensual upskirt-style composition of an adult woman posing above the lens beneath soft backlighting, skirt fabric glowing around a tasteful underwear reveal",contact_sheets/upskirt_02_cinematic-consensual-upskirt-style-composition-of-an-adult-w.jpg,6,1,Backlighting and the below-the-subject camera angle were usually lost; only Lustify image 8 delivered a clear skirt reveal.
2026-08-25_19-14-01_5863.png,lustifyNSFWCheckpoint_zenithV9,Upskirt,Shots/Consensual Upskirt,"cinematic consensual upskirt-style composition of an adult woman posing above the lens beneath soft backlighting, skirt fabric glowing around a tasteful underwear reveal",contact_sheets/upskirt_02_cinematic-consensual-upskirt-style-composition-of-an-adult-w.jpg,7,2,Backlighting and the below-the-subject camera angle were usually lost; only Lustify image 8 delivered a clear skirt reveal.
2026-08-25_19-14-08_4059.png,lustifyNSFWCheckpoint_zenithV9,Upskirt,Shots/Consensual Upskirt,"cinematic consensual upskirt-style composition of an adult woman posing above the lens beneath soft backlighting, skirt fabric glowing around a tasteful underwear reveal",contact_sheets/upskirt_02_cinematic-consensual-upskirt-style-composition-of-an-adult-w.jpg,8,4,Backlighting and the below-the-subject camera angle were usually lost; only Lustify image 8 delivered a clear skirt reveal.
2026-08-25_19-03-29_3460.png,cyberrealisticXL_v100,Upskirt,Shots/Consensual Upskirt,"consensual over-the-knee viewpoint of an adult woman deliberately posing close to the lens, skirt hem high in the foreground and underwear visible beyond her thighs",contact_sheets/upskirt_03_consensual-over-the-knee-viewpoint-of-an-adult-woman-deliber.jpg,1,2,The models favored kneeling or spread-leg portraits instead of the specified close over-the-knee view.
2026-08-25_19-03-36_4516.png,cyberrealisticXL_v100,Upskirt,Shots/Consensual Upskirt,"consensual over-the-knee viewpoint of an adult woman deliberately posing close to the lens, skirt hem high in the foreground and underwear visible beyond her thighs",contact_sheets/upskirt_03_consensual-over-the-knee-viewpoint-of-an-adult-woman-deliber.jpg,2,2,The models favored kneeling or spread-leg portraits instead of the specified close over-the-knee view.
2026-08-25_19-09-55_3460.png,juggernautXL_ragnarok,Upskirt,Shots/Consensual Upskirt,"consensual over-the-knee viewpoint of an adult woman deliberately posing close to the lens, skirt hem high in the foreground and underwear visible beyond her thighs",contact_sheets/upskirt_03_consensual-over-the-knee-viewpoint-of-an-adult-woman-deliber.jpg,3,3,The models favored kneeling or spread-leg portraits instead of the specified close over-the-knee view.
2026-08-25_19-10-02_4516.png,juggernautXL_ragnarok,Upskirt,Shots/Consensual Upskirt,"consensual over-the-knee viewpoint of an adult woman deliberately posing close to the lens, skirt hem high in the foreground and underwear visible beyond her thighs",contact_sheets/upskirt_03_consensual-over-the-knee-viewpoint-of-an-adult-woman-deliber.jpg,4,1,The models favored kneeling or spread-leg portraits instead of the specified close over-the-knee view.
2026-08-25_19-06-44_3460.png,lifeIsGood_v1,Upskirt,Shots/Consensual Upskirt,"consensual over-the-knee viewpoint of an adult woman deliberately posing close to the lens, skirt hem high in the foreground and underwear visible beyond her thighs",contact_sheets/upskirt_03_consensual-over-the-knee-viewpoint-of-an-adult-woman-deliber.jpg,5,1,The models favored kneeling or spread-leg portraits instead of the specified close over-the-knee view.
2026-08-25_19-06-51_4516.png,lifeIsGood_v1,Upskirt,Shots/Consensual Upskirt,"consensual over-the-knee viewpoint of an adult woman deliberately posing close to the lens, skirt hem high in the foreground and underwear visible beyond her thighs",contact_sheets/upskirt_03_consensual-over-the-knee-viewpoint-of-an-adult-woman-deliber.jpg,6,4,The models favored kneeling or spread-leg portraits instead of the specified close over-the-knee view.
2026-08-25_19-13-06_3460.png,lustifyNSFWCheckpoint_zenithV9,Upskirt,Shots/Consensual Upskirt,"consensual over-the-knee viewpoint of an adult woman deliberately posing close to the lens, skirt hem high in the foreground and underwear visible beyond her thighs",contact_sheets/upskirt_03_consensual-over-the-knee-viewpoint-of-an-adult-woman-deliber.jpg,7,2,The models favored kneeling or spread-leg portraits instead of the specified close over-the-knee view.
2026-08-25_19-13-13_4516.png,lustifyNSFWCheckpoint_zenithV9,Upskirt,Shots/Consensual Upskirt,"consensual over-the-knee viewpoint of an adult woman deliberately posing close to the lens, skirt hem high in the foreground and underwear visible beyond her thighs",contact_sheets/upskirt_03_consensual-over-the-knee-viewpoint-of-an-adult-woman-deliber.jpg,8,1,The models favored kneeling or spread-leg portraits instead of the specified close over-the-knee view.
2026-08-25_19-02-32_5464.png,cyberrealisticXL_v100,Upskirt,Shots/Consensual Upskirt,"consensual seated low-angle shot of an adult woman near the edge of a chair, legs crossed loosely as the short skirt shifts to reveal matching underwear",contact_sheets/upskirt_04_consensual-seated-low-angle-shot-of-an-adult-woman-near-the-.jpg,1,3,CyberRealistic handled the seated low composition best; several outputs dropped either the skirt or chair-edge staging.
2026-08-25_19-02-39_4370.png,cyberrealisticXL_v100,Upskirt,Shots/Consensual Upskirt,"consensual seated low-angle shot of an adult woman near the edge of a chair, legs crossed loosely as the short skirt shifts to reveal matching underwear",contact_sheets/upskirt_04_consensual-seated-low-angle-shot-of-an-adult-woman-near-the-.jpg,2,4,CyberRealistic handled the seated low composition best; several outputs dropped either the skirt or chair-edge staging.
2026-08-25_19-08-59_5464.png,juggernautXL_ragnarok,Upskirt,Shots/Consensual Upskirt,"consensual seated low-angle shot of an adult woman near the edge of a chair, legs crossed loosely as the short skirt shifts to reveal matching underwear",contact_sheets/upskirt_04_consensual-seated-low-angle-shot-of-an-adult-woman-near-the-.jpg,3,2,CyberRealistic handled the seated low composition best; several outputs dropped either the skirt or chair-edge staging.
2026-08-25_19-09-07_4370.png,juggernautXL_ragnarok,Upskirt,Shots/Consensual Upskirt,"consensual seated low-angle shot of an adult woman near the edge of a chair, legs crossed loosely as the short skirt shifts to reveal matching underwear",contact_sheets/upskirt_04_consensual-seated-low-angle-shot-of-an-adult-woman-near-the-.jpg,4,3,CyberRealistic handled the seated low composition best; several outputs dropped either the skirt or chair-edge staging.
2026-08-25_19-05-47_5464.png,lifeIsGood_v1,Upskirt,Shots/Consensual Upskirt,"consensual seated low-angle shot of an adult woman near the edge of a chair, legs crossed loosely as the short skirt shifts to reveal matching underwear",contact_sheets/upskirt_04_consensual-seated-low-angle-shot-of-an-adult-woman-near-the-.jpg,5,1,CyberRealistic handled the seated low composition best; several outputs dropped either the skirt or chair-edge staging.
2026-08-25_19-05-55_4370.png,lifeIsGood_v1,Upskirt,Shots/Consensual Upskirt,"consensual seated low-angle shot of an adult woman near the edge of a chair, legs crossed loosely as the short skirt shifts to reveal matching underwear",contact_sheets/upskirt_04_consensual-seated-low-angle-shot-of-an-adult-woman-near-the-.jpg,6,2,CyberRealistic handled the seated low composition best; several outputs dropped either the skirt or chair-edge staging.
2026-08-25_19-12-10_5464.png,lustifyNSFWCheckpoint_zenithV9,Upskirt,Shots/Consensual Upskirt,"consensual seated low-angle shot of an adult woman near the edge of a chair, legs crossed loosely as the short skirt shifts to reveal matching underwear",contact_sheets/upskirt_04_consensual-seated-low-angle-shot-of-an-adult-woman-near-the-.jpg,7,1,CyberRealistic handled the seated low composition best; several outputs dropped either the skirt or chair-edge staging.
2026-08-25_19-12-17_4370.png,lustifyNSFWCheckpoint_zenithV9,Upskirt,Shots/Consensual Upskirt,"consensual seated low-angle shot of an adult woman near the edge of a chair, legs crossed loosely as the short skirt shifts to reveal matching underwear",contact_sheets/upskirt_04_consensual-seated-low-angle-shot-of-an-adult-woman-near-the-.jpg,8,2,CyberRealistic handled the seated low composition best; several outputs dropped either the skirt or chair-edge staging.
2026-08-25_19-01-49_1148.png,cyberrealisticXL_v100,Upskirt,Shots/Consensual Upskirt,"consensual staged low-angle fashion photograph of an adult woman knowingly posing above the camera, short pleated skirt framing a clear teasing glimpse of matching underwear",contact_sheets/upskirt_05_consensual-staged-low-angle-fashion-photograph-of-an-adult-w.jpg,1,2,Nearly every output became a normal standing portrait; low-angle framing and the deliberate reveal were absent.
2026-08-25_19-01-56_8351.png,cyberrealisticXL_v100,Upskirt,Shots/Consensual Upskirt,"consensual staged low-angle fashion photograph of an adult woman knowingly posing above the camera, short pleated skirt framing a clear teasing glimpse of matching underwear",contact_sheets/upskirt_05_consensual-staged-low-angle-fashion-photograph-of-an-adult-w.jpg,2,2,Nearly every output became a normal standing portrait; low-angle framing and the deliberate reveal were absent.
2026-08-25_19-08-17_1148.png,juggernautXL_ragnarok,Upskirt,Shots/Consensual Upskirt,"consensual staged low-angle fashion photograph of an adult woman knowingly posing above the camera, short pleated skirt framing a clear teasing glimpse of matching underwear",contact_sheets/upskirt_05_consensual-staged-low-angle-fashion-photograph-of-an-adult-w.jpg,3,2,Nearly every output became a normal standing portrait; low-angle framing and the deliberate reveal were absent.
2026-08-25_19-08-24_8351.png,juggernautXL_ragnarok,Upskirt,Shots/Consensual Upskirt,"consensual staged low-angle fashion photograph of an adult woman knowingly posing above the camera, short pleated skirt framing a clear teasing glimpse of matching underwear",contact_sheets/upskirt_05_consensual-staged-low-angle-fashion-photograph-of-an-adult-w.jpg,4,2,Nearly every output became a normal standing portrait; low-angle framing and the deliberate reveal were absent.
2026-08-25_19-05-04_1148.png,lifeIsGood_v1,Upskirt,Shots/Consensual Upskirt,"consensual staged low-angle fashion photograph of an adult woman knowingly posing above the camera, short pleated skirt framing a clear teasing glimpse of matching underwear",contact_sheets/upskirt_05_consensual-staged-low-angle-fashion-photograph-of-an-adult-w.jpg,5,1,Nearly every output became a normal standing portrait; low-angle framing and the deliberate reveal were absent.
2026-08-25_19-05-12_8351.png,lifeIsGood_v1,Upskirt,Shots/Consensual Upskirt,"consensual staged low-angle fashion photograph of an adult woman knowingly posing above the camera, short pleated skirt framing a clear teasing glimpse of matching underwear",contact_sheets/upskirt_05_consensual-staged-low-angle-fashion-photograph-of-an-adult-w.jpg,6,1,Nearly every output became a normal standing portrait; low-angle framing and the deliberate reveal were absent.
2026-08-25_19-11-28_1148.png,lustifyNSFWCheckpoint_zenithV9,Upskirt,Shots/Consensual Upskirt,"consensual staged low-angle fashion photograph of an adult woman knowingly posing above the camera, short pleated skirt framing a clear teasing glimpse of matching underwear",contact_sheets/upskirt_05_consensual-staged-low-angle-fashion-photograph-of-an-adult-w.jpg,7,3,Nearly every output became a normal standing portrait; low-angle framing and the deliberate reveal were absent.
2026-08-25_19-11-35_8351.png,lustifyNSFWCheckpoint_zenithV9,Upskirt,Shots/Consensual Upskirt,"consensual staged low-angle fashion photograph of an adult woman knowingly posing above the camera, short pleated skirt framing a clear teasing glimpse of matching underwear",contact_sheets/upskirt_05_consensual-staged-low-angle-fashion-photograph-of-an-adult-w.jpg,8,2,Nearly every output became a normal standing portrait; low-angle framing and the deliberate reveal were absent.
2026-08-25_19-02-46_1476.png,cyberrealisticXL_v100,Upskirt,Shots/Consensual Upskirt,"dramatic full-body fashion composition from below an adult woman in a short skirt, one leg forward, confident expression visible, and underwear deliberately revealed",contact_sheets/upskirt_06_dramatic-full-body-fashion-composition-from-below-an-adult-w.jpg,1,2,"Full-body framing was common, but the from-below reveal was only convincing in Lustify image 8."
2026-08-25_19-02-53_6917.png,cyberrealisticXL_v100,Upskirt,Shots/Consensual Upskirt,"dramatic full-body fashion composition from below an adult woman in a short skirt, one leg forward, confident expression visible, and underwear deliberately revealed",contact_sheets/upskirt_06_dramatic-full-body-fashion-composition-from-below-an-adult-w.jpg,2,2,"Full-body framing was common, but the from-below reveal was only convincing in Lustify image 8."
2026-08-25_19-09-13_1476.png,juggernautXL_ragnarok,Upskirt,Shots/Consensual Upskirt,"dramatic full-body fashion composition from below an adult woman in a short skirt, one leg forward, confident expression visible, and underwear deliberately revealed",contact_sheets/upskirt_06_dramatic-full-body-fashion-composition-from-below-an-adult-w.jpg,3,2,"Full-body framing was common, but the from-below reveal was only convincing in Lustify image 8."
2026-08-25_19-09-20_6917.png,juggernautXL_ragnarok,Upskirt,Shots/Consensual Upskirt,"dramatic full-body fashion composition from below an adult woman in a short skirt, one leg forward, confident expression visible, and underwear deliberately revealed",contact_sheets/upskirt_06_dramatic-full-body-fashion-composition-from-below-an-adult-w.jpg,4,2,"Full-body framing was common, but the from-below reveal was only convincing in Lustify image 8."
2026-08-25_19-06-02_1476.png,lifeIsGood_v1,Upskirt,Shots/Consensual Upskirt,"dramatic full-body fashion composition from below an adult woman in a short skirt, one leg forward, confident expression visible, and underwear deliberately revealed",contact_sheets/upskirt_06_dramatic-full-body-fashion-composition-from-below-an-adult-w.jpg,5,2,"Full-body framing was common, but the from-below reveal was only convincing in Lustify image 8."
2026-08-25_19-06-09_6917.png,lifeIsGood_v1,Upskirt,Shots/Consensual Upskirt,"dramatic full-body fashion composition from below an adult woman in a short skirt, one leg forward, confident expression visible, and underwear deliberately revealed",contact_sheets/upskirt_06_dramatic-full-body-fashion-composition-from-below-an-adult-w.jpg,6,2,"Full-body framing was common, but the from-below reveal was only convincing in Lustify image 8."
2026-08-25_19-12-24_1476.png,lustifyNSFWCheckpoint_zenithV9,Upskirt,Shots/Consensual Upskirt,"dramatic full-body fashion composition from below an adult woman in a short skirt, one leg forward, confident expression visible, and underwear deliberately revealed",contact_sheets/upskirt_06_dramatic-full-body-fashion-composition-from-below-an-adult-w.jpg,7,2,"Full-body framing was common, but the from-below reveal was only convincing in Lustify image 8."
2026-08-25_19-12-31_6917.png,lustifyNSFWCheckpoint_zenithV9,Upskirt,Shots/Consensual Upskirt,"dramatic full-body fashion composition from below an adult woman in a short skirt, one leg forward, confident expression visible, and underwear deliberately revealed",contact_sheets/upskirt_06_dramatic-full-body-fashion-composition-from-below-an-adult-w.jpg,8,4,"Full-body framing was common, but the from-below reveal was only convincing in Lustify image 8."
2026-08-25_19-03-43_5741.png,cyberrealisticXL_v100,Upskirt,Shots/Consensual Upskirt,"floor-level photograph beneath a short plaid skirt, with an adult woman aware of the camera, looking down with a teasing smile as her panties show",contact_sheets/upskirt_07_floor-level-photograph-beneath-a-short-plaid-skirt-with-an-a.jpg,1,2,"Plaid skirts appeared reliably, but the floor-level viewpoint and visible underwear did not."
2026-08-25_19-03-50_7658.png,cyberrealisticXL_v100,Upskirt,Shots/Consensual Upskirt,"floor-level photograph beneath a short plaid skirt, with an adult woman aware of the camera, looking down with a teasing smile as her panties show",contact_sheets/upskirt_07_floor-level-photograph-beneath-a-short-plaid-skirt-with-an-a.jpg,2,1,"Plaid skirts appeared reliably, but the floor-level viewpoint and visible underwear did not."
2026-08-25_19-10-09_5741.png,juggernautXL_ragnarok,Upskirt,Shots/Consensual Upskirt,"floor-level photograph beneath a short plaid skirt, with an adult woman aware of the camera, looking down with a teasing smile as her panties show",contact_sheets/upskirt_07_floor-level-photograph-beneath-a-short-plaid-skirt-with-an-a.jpg,3,2,"Plaid skirts appeared reliably, but the floor-level viewpoint and visible underwear did not."
2026-08-25_19-10-16_7658.png,juggernautXL_ragnarok,Upskirt,Shots/Consensual Upskirt,"floor-level photograph beneath a short plaid skirt, with an adult woman aware of the camera, looking down with a teasing smile as her panties show",contact_sheets/upskirt_07_floor-level-photograph-beneath-a-short-plaid-skirt-with-an-a.jpg,4,1,"Plaid skirts appeared reliably, but the floor-level viewpoint and visible underwear did not."
2026-08-25_19-06-58_5741.png,lifeIsGood_v1,Upskirt,Shots/Consensual Upskirt,"floor-level photograph beneath a short plaid skirt, with an adult woman aware of the camera, looking down with a teasing smile as her panties show",contact_sheets/upskirt_07_floor-level-photograph-beneath-a-short-plaid-skirt-with-an-a.jpg,5,3,"Plaid skirts appeared reliably, but the floor-level viewpoint and visible underwear did not."
2026-08-25_19-07-05_7658.png,lifeIsGood_v1,Upskirt,Shots/Consensual Upskirt,"floor-level photograph beneath a short plaid skirt, with an adult woman aware of the camera, looking down with a teasing smile as her panties show",contact_sheets/upskirt_07_floor-level-photograph-beneath-a-short-plaid-skirt-with-an-a.jpg,6,3,"Plaid skirts appeared reliably, but the floor-level viewpoint and visible underwear did not."
2026-08-25_19-13-20_5741.png,lustifyNSFWCheckpoint_zenithV9,Upskirt,Shots/Consensual Upskirt,"floor-level photograph beneath a short plaid skirt, with an adult woman aware of the camera, looking down with a teasing smile as her panties show",contact_sheets/upskirt_07_floor-level-photograph-beneath-a-short-plaid-skirt-with-an-a.jpg,7,2,"Plaid skirts appeared reliably, but the floor-level viewpoint and visible underwear did not."
2026-08-25_19-13-27_7658.png,lustifyNSFWCheckpoint_zenithV9,Upskirt,Shots/Consensual Upskirt,"floor-level photograph beneath a short plaid skirt, with an adult woman aware of the camera, looking down with a teasing smile as her panties show",contact_sheets/upskirt_07_floor-level-photograph-beneath-a-short-plaid-skirt-with-an-a.jpg,8,1,"Plaid skirts appeared reliably, but the floor-level viewpoint and visible underwear did not."
2026-08-25_19-02-03_2293.png,cyberrealisticXL_v100,Upskirt,Shots/Consensual Upskirt,"playful floor-level composition of an adult woman leaning toward the lens with direct eye contact, one hand holding the edge of her tiny skirt as underwear becomes visible",contact_sheets/upskirt_08_playful-floor-level-composition-of-an-adult-woman-leaning-to.jpg,1,4,CyberRealistic image 1 and Lustify image 8 captured the lean-and-lift action; other outputs collapsed into generic lingerie portraits.
2026-08-25_19-02-10_2092.png,cyberrealisticXL_v100,Upskirt,Shots/Consensual Upskirt,"playful floor-level composition of an adult woman leaning toward the lens with direct eye contact, one hand holding the edge of her tiny skirt as underwear becomes visible",contact_sheets/upskirt_08_playful-floor-level-composition-of-an-adult-woman-leaning-to.jpg,2,2,CyberRealistic image 1 and Lustify image 8 captured the lean-and-lift action; other outputs collapsed into generic lingerie portraits.
2026-08-25_19-08-31_2293.png,juggernautXL_ragnarok,Upskirt,Shots/Consensual Upskirt,"playful floor-level composition of an adult woman leaning toward the lens with direct eye contact, one hand holding the edge of her tiny skirt as underwear becomes visible",contact_sheets/upskirt_08_playful-floor-level-composition-of-an-adult-woman-leaning-to.jpg,3,1,CyberRealistic image 1 and Lustify image 8 captured the lean-and-lift action; other outputs collapsed into generic lingerie portraits.
2026-08-25_19-08-38_2092.png,juggernautXL_ragnarok,Upskirt,Shots/Consensual Upskirt,"playful floor-level composition of an adult woman leaning toward the lens with direct eye contact, one hand holding the edge of her tiny skirt as underwear becomes visible",contact_sheets/upskirt_08_playful-floor-level-composition-of-an-adult-woman-leaning-to.jpg,4,2,CyberRealistic image 1 and Lustify image 8 captured the lean-and-lift action; other outputs collapsed into generic lingerie portraits.
2026-08-25_19-05-19_2293.png,lifeIsGood_v1,Upskirt,Shots/Consensual Upskirt,"playful floor-level composition of an adult woman leaning toward the lens with direct eye contact, one hand holding the edge of her tiny skirt as underwear becomes visible",contact_sheets/upskirt_08_playful-floor-level-composition-of-an-adult-woman-leaning-to.jpg,5,1,CyberRealistic image 1 and Lustify image 8 captured the lean-and-lift action; other outputs collapsed into generic lingerie portraits.
2026-08-25_19-05-26_2092.png,lifeIsGood_v1,Upskirt,Shots/Consensual Upskirt,"playful floor-level composition of an adult woman leaning toward the lens with direct eye contact, one hand holding the edge of her tiny skirt as underwear becomes visible",contact_sheets/upskirt_08_playful-floor-level-composition-of-an-adult-woman-leaning-to.jpg,6,1,CyberRealistic image 1 and Lustify image 8 captured the lean-and-lift action; other outputs collapsed into generic lingerie portraits.
2026-08-25_19-11-42_2293.png,lustifyNSFWCheckpoint_zenithV9,Upskirt,Shots/Consensual Upskirt,"playful floor-level composition of an adult woman leaning toward the lens with direct eye contact, one hand holding the edge of her tiny skirt as underwear becomes visible",contact_sheets/upskirt_08_playful-floor-level-composition-of-an-adult-woman-leaning-to.jpg,7,1,CyberRealistic image 1 and Lustify image 8 captured the lean-and-lift action; other outputs collapsed into generic lingerie portraits.
2026-08-25_19-11-49_2092.png,lustifyNSFWCheckpoint_zenithV9,Upskirt,Shots/Consensual Upskirt,"playful floor-level composition of an adult woman leaning toward the lens with direct eye contact, one hand holding the edge of her tiny skirt as underwear becomes visible",contact_sheets/upskirt_08_playful-floor-level-composition-of-an-adult-woman-leaning-to.jpg,8,4,CyberRealistic image 1 and Lustify image 8 captured the lean-and-lift action; other outputs collapsed into generic lingerie portraits.
2026-08-25_19-03-15_1176.png,cyberrealisticXL_v100,Upskirt,Shots/Consensual Upskirt,"playful upward camera angle capturing an adult woman twirling a tiny pleated skirt, moving fabric framing a brief clear glimpse of coordinated panties",contact_sheets/upskirt_09_playful-upward-camera-angle-capturing-an-adult-woman-twirlin.jpg,1,2,This prompt induced useful skirt motion; Lustify image 7 was the clearest twirl-and-reveal result.
2026-08-25_19-03-22_6975.png,cyberrealisticXL_v100,Upskirt,Shots/Consensual Upskirt,"playful upward camera angle capturing an adult woman twirling a tiny pleated skirt, moving fabric framing a brief clear glimpse of coordinated panties",contact_sheets/upskirt_09_playful-upward-camera-angle-capturing-an-adult-woman-twirlin.jpg,2,1,This prompt induced useful skirt motion; Lustify image 7 was the clearest twirl-and-reveal result.
2026-08-25_19-09-41_1176.png,juggernautXL_ragnarok,Upskirt,Shots/Consensual Upskirt,"playful upward camera angle capturing an adult woman twirling a tiny pleated skirt, moving fabric framing a brief clear glimpse of coordinated panties",contact_sheets/upskirt_09_playful-upward-camera-angle-capturing-an-adult-woman-twirlin.jpg,3,3,This prompt induced useful skirt motion; Lustify image 7 was the clearest twirl-and-reveal result.
2026-08-25_19-09-48_6975.png,juggernautXL_ragnarok,Upskirt,Shots/Consensual Upskirt,"playful upward camera angle capturing an adult woman twirling a tiny pleated skirt, moving fabric framing a brief clear glimpse of coordinated panties",contact_sheets/upskirt_09_playful-upward-camera-angle-capturing-an-adult-woman-twirlin.jpg,4,3,This prompt induced useful skirt motion; Lustify image 7 was the clearest twirl-and-reveal result.
2026-08-25_19-06-30_1176.png,lifeIsGood_v1,Upskirt,Shots/Consensual Upskirt,"playful upward camera angle capturing an adult woman twirling a tiny pleated skirt, moving fabric framing a brief clear glimpse of coordinated panties",contact_sheets/upskirt_09_playful-upward-camera-angle-capturing-an-adult-woman-twirlin.jpg,5,4,This prompt induced useful skirt motion; Lustify image 7 was the clearest twirl-and-reveal result.
2026-08-25_19-06-37_6975.png,lifeIsGood_v1,Upskirt,Shots/Consensual Upskirt,"playful upward camera angle capturing an adult woman twirling a tiny pleated skirt, moving fabric framing a brief clear glimpse of coordinated panties",contact_sheets/upskirt_09_playful-upward-camera-angle-capturing-an-adult-woman-twirlin.jpg,6,4,This prompt induced useful skirt motion; Lustify image 7 was the clearest twirl-and-reveal result.
2026-08-25_19-12-52_1176.png,lustifyNSFWCheckpoint_zenithV9,Upskirt,Shots/Consensual Upskirt,"playful upward camera angle capturing an adult woman twirling a tiny pleated skirt, moving fabric framing a brief clear glimpse of coordinated panties",contact_sheets/upskirt_09_playful-upward-camera-angle-capturing-an-adult-woman-twirlin.jpg,7,5,This prompt induced useful skirt motion; Lustify image 7 was the clearest twirl-and-reveal result.
2026-08-25_19-12-59_6975.png,lustifyNSFWCheckpoint_zenithV9,Upskirt,Shots/Consensual Upskirt,"playful upward camera angle capturing an adult woman twirling a tiny pleated skirt, moving fabric framing a brief clear glimpse of coordinated panties",contact_sheets/upskirt_09_playful-upward-camera-angle-capturing-an-adult-woman-twirlin.jpg,8,1,This prompt induced useful skirt motion; Lustify image 7 was the clearest twirl-and-reveal result.
2026-08-25_19-03-00_6425.png,cyberrealisticXL_v100,Upskirt,Shots/Consensual Upskirt,"staged reclining upskirt-style photograph of an adult woman with knees bent and skirt gathered naturally at the thighs, underwear visible in soft flattering light",contact_sheets/upskirt_10_staged-reclining-upskirt-style-photograph-of-an-adult-woman-.jpg,1,4,"The reclining/seated leg geometry was followed more consistently than most upskirt prompts, though explicit skirt gathering was uneven."
2026-08-25_19-03-08_2255.png,cyberrealisticXL_v100,Upskirt,Shots/Consensual Upskirt,"staged reclining upskirt-style photograph of an adult woman with knees bent and skirt gathered naturally at the thighs, underwear visible in soft flattering light",contact_sheets/upskirt_10_staged-reclining-upskirt-style-photograph-of-an-adult-woman-.jpg,2,3,"The reclining/seated leg geometry was followed more consistently than most upskirt prompts, though explicit skirt gathering was uneven."
2026-08-25_19-09-27_6425.png,juggernautXL_ragnarok,Upskirt,Shots/Consensual Upskirt,"staged reclining upskirt-style photograph of an adult woman with knees bent and skirt gathered naturally at the thighs, underwear visible in soft flattering light",contact_sheets/upskirt_10_staged-reclining-upskirt-style-photograph-of-an-adult-woman-.jpg,3,3,"The reclining/seated leg geometry was followed more consistently than most upskirt prompts, though explicit skirt gathering was uneven."
2026-08-25_19-09-34_2255.png,juggernautXL_ragnarok,Upskirt,Shots/Consensual Upskirt,"staged reclining upskirt-style photograph of an adult woman with knees bent and skirt gathered naturally at the thighs, underwear visible in soft flattering light",contact_sheets/upskirt_10_staged-reclining-upskirt-style-photograph-of-an-adult-woman-.jpg,4,3,"The reclining/seated leg geometry was followed more consistently than most upskirt prompts, though explicit skirt gathering was uneven."
2026-08-25_19-06-16_6425.png,lifeIsGood_v1,Upskirt,Shots/Consensual Upskirt,"staged reclining upskirt-style photograph of an adult woman with knees bent and skirt gathered naturally at the thighs, underwear visible in soft flattering light",contact_sheets/upskirt_10_staged-reclining-upskirt-style-photograph-of-an-adult-woman-.jpg,5,2,"The reclining/seated leg geometry was followed more consistently than most upskirt prompts, though explicit skirt gathering was uneven."
2026-08-25_19-06-23_2255.png,lifeIsGood_v1,Upskirt,Shots/Consensual Upskirt,"staged reclining upskirt-style photograph of an adult woman with knees bent and skirt gathered naturally at the thighs, underwear visible in soft flattering light",contact_sheets/upskirt_10_staged-reclining-upskirt-style-photograph-of-an-adult-woman-.jpg,6,2,"The reclining/seated leg geometry was followed more consistently than most upskirt prompts, though explicit skirt gathering was uneven."
2026-08-25_19-12-38_6425.png,lustifyNSFWCheckpoint_zenithV9,Upskirt,Shots/Consensual Upskirt,"staged reclining upskirt-style photograph of an adult woman with knees bent and skirt gathered naturally at the thighs, underwear visible in soft flattering light",contact_sheets/upskirt_10_staged-reclining-upskirt-style-photograph-of-an-adult-woman-.jpg,7,4,"The reclining/seated leg geometry was followed more consistently than most upskirt prompts, though explicit skirt gathering was uneven."
2026-08-25_19-12-45_2255.png,lustifyNSFWCheckpoint_zenithV9,Upskirt,Shots/Consensual Upskirt,"staged reclining upskirt-style photograph of an adult woman with knees bent and skirt gathered naturally at the thighs, underwear visible in soft flattering light",contact_sheets/upskirt_10_staged-reclining-upskirt-style-photograph-of-an-adult-woman-.jpg,8,3,"The reclining/seated leg geometry was followed more consistently than most upskirt prompts, though explicit skirt gathering was uneven."
2026-08-25_19-03-57_1973.png,cyberrealisticXL_v100,Upskirt,Shots/Consensual Upskirt,"staged staircase upskirt-style fashion shot of an adult woman one step above the lens, looking back over her shoulder with underwear visible beneath the lifted skirt",contact_sheets/upskirt_11_staged-staircase-upskirt-style-fashion-shot-of-an-adult-woma.jpg,1,5,"Clear winner: stairs, rear three-quarter posing, lifted hems, and visible underwear appeared repeatedly across checkpoints."
2026-08-25_19-04-04_5720.png,cyberrealisticXL_v100,Upskirt,Shots/Consensual Upskirt,"staged staircase upskirt-style fashion shot of an adult woman one step above the lens, looking back over her shoulder with underwear visible beneath the lifted skirt",contact_sheets/upskirt_11_staged-staircase-upskirt-style-fashion-shot-of-an-adult-woma.jpg,2,5,"Clear winner: stairs, rear three-quarter posing, lifted hems, and visible underwear appeared repeatedly across checkpoints."
2026-08-25_19-10-23_1973.png,juggernautXL_ragnarok,Upskirt,Shots/Consensual Upskirt,"staged staircase upskirt-style fashion shot of an adult woman one step above the lens, looking back over her shoulder with underwear visible beneath the lifted skirt",contact_sheets/upskirt_11_staged-staircase-upskirt-style-fashion-shot-of-an-adult-woma.jpg,3,3,"Clear winner: stairs, rear three-quarter posing, lifted hems, and visible underwear appeared repeatedly across checkpoints."
2026-08-25_19-10-30_5720.png,juggernautXL_ragnarok,Upskirt,Shots/Consensual Upskirt,"staged staircase upskirt-style fashion shot of an adult woman one step above the lens, looking back over her shoulder with underwear visible beneath the lifted skirt",contact_sheets/upskirt_11_staged-staircase-upskirt-style-fashion-shot-of-an-adult-woma.jpg,4,4,"Clear winner: stairs, rear three-quarter posing, lifted hems, and visible underwear appeared repeatedly across checkpoints."
2026-08-25_19-07-12_1973.png,lifeIsGood_v1,Upskirt,Shots/Consensual Upskirt,"staged staircase upskirt-style fashion shot of an adult woman one step above the lens, looking back over her shoulder with underwear visible beneath the lifted skirt",contact_sheets/upskirt_11_staged-staircase-upskirt-style-fashion-shot-of-an-adult-woma.jpg,5,2,"Clear winner: stairs, rear three-quarter posing, lifted hems, and visible underwear appeared repeatedly across checkpoints."
2026-08-25_19-07-19_5720.png,lifeIsGood_v1,Upskirt,Shots/Consensual Upskirt,"staged staircase upskirt-style fashion shot of an adult woman one step above the lens, looking back over her shoulder with underwear visible beneath the lifted skirt",contact_sheets/upskirt_11_staged-staircase-upskirt-style-fashion-shot-of-an-adult-woma.jpg,6,4,"Clear winner: stairs, rear three-quarter posing, lifted hems, and visible underwear appeared repeatedly across checkpoints."
2026-08-25_19-13-34_1973.png,lustifyNSFWCheckpoint_zenithV9,Upskirt,Shots/Consensual Upskirt,"staged staircase upskirt-style fashion shot of an adult woman one step above the lens, looking back over her shoulder with underwear visible beneath the lifted skirt",contact_sheets/upskirt_11_staged-staircase-upskirt-style-fashion-shot-of-an-adult-woma.jpg,7,2,"Clear winner: stairs, rear three-quarter posing, lifted hems, and visible underwear appeared repeatedly across checkpoints."
2026-08-25_19-13-40_5720.png,lustifyNSFWCheckpoint_zenithV9,Upskirt,Shots/Consensual Upskirt,"staged staircase upskirt-style fashion shot of an adult woman one step above the lens, looking back over her shoulder with underwear visible beneath the lifted skirt",contact_sheets/upskirt_11_staged-staircase-upskirt-style-fashion-shot-of-an-adult-woma.jpg,8,4,"Clear winner: stairs, rear three-quarter posing, lifted hems, and visible underwear appeared repeatedly across checkpoints."
2026-08-25_19-04-11_4399.png,cyberrealisticXL_v100,Upskirt,Shots/Consensual Upskirt,"teasing low-angle portrait of an adult woman holding both sides of her short skirt hem above the camera, direct playful eye contact and matching panties visible",contact_sheets/upskirt_12_teasing-low-angle-portrait-of-an-adult-woman-holding-both-si.jpg,1,5,"Strong when it worked, especially CyberRealistic image 1 and Lustify image 7; several models dropped the skirt entirely."
2026-08-25_19-04-18_1900.png,cyberrealisticXL_v100,Upskirt,Shots/Consensual Upskirt,"teasing low-angle portrait of an adult woman holding both sides of her short skirt hem above the camera, direct playful eye contact and matching panties visible",contact_sheets/upskirt_12_teasing-low-angle-portrait-of-an-adult-woman-holding-both-si.jpg,2,2,"Strong when it worked, especially CyberRealistic image 1 and Lustify image 7; several models dropped the skirt entirely."
2026-08-25_19-10-36_4399.png,juggernautXL_ragnarok,Upskirt,Shots/Consensual Upskirt,"teasing low-angle portrait of an adult woman holding both sides of her short skirt hem above the camera, direct playful eye contact and matching panties visible",contact_sheets/upskirt_12_teasing-low-angle-portrait-of-an-adult-woman-holding-both-si.jpg,3,4,"Strong when it worked, especially CyberRealistic image 1 and Lustify image 7; several models dropped the skirt entirely."
2026-08-25_19-10-43_1900.png,juggernautXL_ragnarok,Upskirt,Shots/Consensual Upskirt,"teasing low-angle portrait of an adult woman holding both sides of her short skirt hem above the camera, direct playful eye contact and matching panties visible",contact_sheets/upskirt_12_teasing-low-angle-portrait-of-an-adult-woman-holding-both-si.jpg,4,2,"Strong when it worked, especially CyberRealistic image 1 and Lustify image 7; several models dropped the skirt entirely."
2026-08-25_19-07-26_4399.png,lifeIsGood_v1,Upskirt,Shots/Consensual Upskirt,"teasing low-angle portrait of an adult woman holding both sides of her short skirt hem above the camera, direct playful eye contact and matching panties visible",contact_sheets/upskirt_12_teasing-low-angle-portrait-of-an-adult-woman-holding-both-si.jpg,5,1,"Strong when it worked, especially CyberRealistic image 1 and Lustify image 7; several models dropped the skirt entirely."
2026-08-25_19-07-33_1900.png,lifeIsGood_v1,Upskirt,Shots/Consensual Upskirt,"teasing low-angle portrait of an adult woman holding both sides of her short skirt hem above the camera, direct playful eye contact and matching panties visible",contact_sheets/upskirt_12_teasing-low-angle-portrait-of-an-adult-woman-holding-both-si.jpg,6,1,"Strong when it worked, especially CyberRealistic image 1 and Lustify image 7; several models dropped the skirt entirely."
2026-08-25_19-13-47_4399.png,lustifyNSFWCheckpoint_zenithV9,Upskirt,Shots/Consensual Upskirt,"teasing low-angle portrait of an adult woman holding both sides of her short skirt hem above the camera, direct playful eye contact and matching panties visible",contact_sheets/upskirt_12_teasing-low-angle-portrait-of-an-adult-woman-holding-both-si.jpg,7,5,"Strong when it worked, especially CyberRealistic image 1 and Lustify image 7; several models dropped the skirt entirely."
2026-08-25_19-13-54_1900.png,lustifyNSFWCheckpoint_zenithV9,Upskirt,Shots/Consensual Upskirt,"teasing low-angle portrait of an adult woman holding both sides of her short skirt hem above the camera, direct playful eye contact and matching panties visible",contact_sheets/upskirt_12_teasing-low-angle-portrait-of-an-adult-woman-holding-both-si.jpg,8,2,"Strong when it worked, especially CyberRealistic image 1 and Lustify image 7; several models dropped the skirt entirely."
2026-08-25_19-16-29_7751.png,cyberrealisticXL_v100,Feet,Shots/Feet Focus,"cinematic floor-level photograph timed during a slow barefoot step, with one lifted heel, natural toe movement, and the full figure balanced in the background",contact_sheets/feet_13_cinematic-floor-level-photograph-timed-during-a-slow-barefoo.jpg,1,3,"Bare feet were visible in several outputs, but almost none depicted a floor-level walking step with a lifted heel."
2026-08-25_19-16-35_6544.png,cyberrealisticXL_v100,Feet,Shots/Feet Focus,"cinematic floor-level photograph timed during a slow barefoot step, with one lifted heel, natural toe movement, and the full figure balanced in the background",contact_sheets/feet_13_cinematic-floor-level-photograph-timed-during-a-slow-barefoo.jpg,2,2,"Bare feet were visible in several outputs, but almost none depicted a floor-level walking step with a lifted heel."
2026-08-25_19-22-24_7751.png,juggernautXL_ragnarok,Feet,Shots/Feet Focus,"cinematic floor-level photograph timed during a slow barefoot step, with one lifted heel, natural toe movement, and the full figure balanced in the background",contact_sheets/feet_13_cinematic-floor-level-photograph-timed-during-a-slow-barefoo.jpg,3,2,"Bare feet were visible in several outputs, but almost none depicted a floor-level walking step with a lifted heel."
2026-08-25_19-22-31_6544.png,juggernautXL_ragnarok,Feet,Shots/Feet Focus,"cinematic floor-level photograph timed during a slow barefoot step, with one lifted heel, natural toe movement, and the full figure balanced in the background",contact_sheets/feet_13_cinematic-floor-level-photograph-timed-during-a-slow-barefoo.jpg,4,2,"Bare feet were visible in several outputs, but almost none depicted a floor-level walking step with a lifted heel."
2026-08-25_19-19-15_7751.png,lifeIsGood_v1,Feet,Shots/Feet Focus,"cinematic floor-level photograph timed during a slow barefoot step, with one lifted heel, natural toe movement, and the full figure balanced in the background",contact_sheets/feet_13_cinematic-floor-level-photograph-timed-during-a-slow-barefoo.jpg,5,0,"Bare feet were visible in several outputs, but almost none depicted a floor-level walking step with a lifted heel."
2026-08-25_19-19-21_6544.png,lifeIsGood_v1,Feet,Shots/Feet Focus,"cinematic floor-level photograph timed during a slow barefoot step, with one lifted heel, natural toe movement, and the full figure balanced in the background",contact_sheets/feet_13_cinematic-floor-level-photograph-timed-during-a-slow-barefoo.jpg,6,2,"Bare feet were visible in several outputs, but almost none depicted a floor-level walking step with a lifted heel."
2026-08-25_19-25-40_7751.png,lustifyNSFWCheckpoint_zenithV9,Feet,Shots/Feet Focus,"cinematic floor-level photograph timed during a slow barefoot step, with one lifted heel, natural toe movement, and the full figure balanced in the background",contact_sheets/feet_13_cinematic-floor-level-photograph-timed-during-a-slow-barefoo.jpg,7,3,"Bare feet were visible in several outputs, but almost none depicted a floor-level walking step with a lifted heel."
2026-08-25_19-25-47_6544.png,lustifyNSFWCheckpoint_zenithV9,Feet,Shots/Feet Focus,"cinematic floor-level photograph timed during a slow barefoot step, with one lifted heel, natural toe movement, and the full figure balanced in the background",contact_sheets/feet_13_cinematic-floor-level-photograph-timed-during-a-slow-barefoo.jpg,8,3,"Bare feet were visible in several outputs, but almost none depicted a floor-level walking step with a lifted heel."
2026-08-25_19-16-16_2056.png,cyberrealisticXL_v100,Feet,Shots/Feet Focus,"close beauty shot of both stockinged feet resting together on velvet, capturing sheer fabric texture, delicate toe shapes, and a subtle polished sheen",contact_sheets/feet_14_close-beauty-shot-of-both-stockinged-feet-resting-together-o.jpg,1,3,"The close paired-feet composition worked, but models often ignored stockings and velvet."
2026-08-25_19-16-23_7989.png,cyberrealisticXL_v100,Feet,Shots/Feet Focus,"close beauty shot of both stockinged feet resting together on velvet, capturing sheer fabric texture, delicate toe shapes, and a subtle polished sheen",contact_sheets/feet_14_close-beauty-shot-of-both-stockinged-feet-resting-together-o.jpg,2,4,"The close paired-feet composition worked, but models often ignored stockings and velvet."
2026-08-25_19-22-10_2056.png,juggernautXL_ragnarok,Feet,Shots/Feet Focus,"close beauty shot of both stockinged feet resting together on velvet, capturing sheer fabric texture, delicate toe shapes, and a subtle polished sheen",contact_sheets/feet_14_close-beauty-shot-of-both-stockinged-feet-resting-together-o.jpg,3,3,"The close paired-feet composition worked, but models often ignored stockings and velvet."
2026-08-25_19-22-17_7989.png,juggernautXL_ragnarok,Feet,Shots/Feet Focus,"close beauty shot of both stockinged feet resting together on velvet, capturing sheer fabric texture, delicate toe shapes, and a subtle polished sheen",contact_sheets/feet_14_close-beauty-shot-of-both-stockinged-feet-resting-together-o.jpg,4,4,"The close paired-feet composition worked, but models often ignored stockings and velvet."
2026-08-25_19-19-01_2056.png,lifeIsGood_v1,Feet,Shots/Feet Focus,"close beauty shot of both stockinged feet resting together on velvet, capturing sheer fabric texture, delicate toe shapes, and a subtle polished sheen",contact_sheets/feet_14_close-beauty-shot-of-both-stockinged-feet-resting-together-o.jpg,5,1,"The close paired-feet composition worked, but models often ignored stockings and velvet."
2026-08-25_19-19-08_7989.png,lifeIsGood_v1,Feet,Shots/Feet Focus,"close beauty shot of both stockinged feet resting together on velvet, capturing sheer fabric texture, delicate toe shapes, and a subtle polished sheen",contact_sheets/feet_14_close-beauty-shot-of-both-stockinged-feet-resting-together-o.jpg,6,1,"The close paired-feet composition worked, but models often ignored stockings and velvet."
2026-08-25_19-25-26_2056.png,lustifyNSFWCheckpoint_zenithV9,Feet,Shots/Feet Focus,"close beauty shot of both stockinged feet resting together on velvet, capturing sheer fabric texture, delicate toe shapes, and a subtle polished sheen",contact_sheets/feet_14_close-beauty-shot-of-both-stockinged-feet-resting-together-o.jpg,7,2,"The close paired-feet composition worked, but models often ignored stockings and velvet."
2026-08-25_19-25-33_7989.png,lustifyNSFWCheckpoint_zenithV9,Feet,Shots/Feet Focus,"close beauty shot of both stockinged feet resting together on velvet, capturing sheer fabric texture, delicate toe shapes, and a subtle polished sheen",contact_sheets/feet_14_close-beauty-shot-of-both-stockinged-feet-resting-together-o.jpg,8,4,"The close paired-feet composition worked, but models often ignored stockings and velvet."
2026-08-25_19-15-06_2270.png,cyberrealisticXL_v100,Feet,Shots/Feet Focus,"close editorial detail of both feet inside ultra-sheer pantyhose, showing the fine fabric over polished toes while the rest of her pose falls into gentle bokeh",contact_sheets/feet_15_close-editorial-detail-of-both-feet-inside-ultra-sheer-panty.jpg,1,5,CyberRealistic was especially reliable at foreground feet and visible hosiery; LifeIsGood shifted attention to the torso.
2026-08-25_19-15-13_1961.png,cyberrealisticXL_v100,Feet,Shots/Feet Focus,"close editorial detail of both feet inside ultra-sheer pantyhose, showing the fine fabric over polished toes while the rest of her pose falls into gentle bokeh",contact_sheets/feet_15_close-editorial-detail-of-both-feet-inside-ultra-sheer-panty.jpg,2,4,CyberRealistic was especially reliable at foreground feet and visible hosiery; LifeIsGood shifted attention to the torso.
2026-08-25_19-21-00_2270.png,juggernautXL_ragnarok,Feet,Shots/Feet Focus,"close editorial detail of both feet inside ultra-sheer pantyhose, showing the fine fabric over polished toes while the rest of her pose falls into gentle bokeh",contact_sheets/feet_15_close-editorial-detail-of-both-feet-inside-ultra-sheer-panty.jpg,3,4,CyberRealistic was especially reliable at foreground feet and visible hosiery; LifeIsGood shifted attention to the torso.
2026-08-25_19-21-07_1961.png,juggernautXL_ragnarok,Feet,Shots/Feet Focus,"close editorial detail of both feet inside ultra-sheer pantyhose, showing the fine fabric over polished toes while the rest of her pose falls into gentle bokeh",contact_sheets/feet_15_close-editorial-detail-of-both-feet-inside-ultra-sheer-panty.jpg,4,3,CyberRealistic was especially reliable at foreground feet and visible hosiery; LifeIsGood shifted attention to the torso.
2026-08-25_19-17-56_2270.png,lifeIsGood_v1,Feet,Shots/Feet Focus,"close editorial detail of both feet inside ultra-sheer pantyhose, showing the fine fabric over polished toes while the rest of her pose falls into gentle bokeh",contact_sheets/feet_15_close-editorial-detail-of-both-feet-inside-ultra-sheer-panty.jpg,5,2,CyberRealistic was especially reliable at foreground feet and visible hosiery; LifeIsGood shifted attention to the torso.
2026-08-25_19-18-03_1961.png,lifeIsGood_v1,Feet,Shots/Feet Focus,"close editorial detail of both feet inside ultra-sheer pantyhose, showing the fine fabric over polished toes while the rest of her pose falls into gentle bokeh",contact_sheets/feet_15_close-editorial-detail-of-both-feet-inside-ultra-sheer-panty.jpg,6,1,CyberRealistic was especially reliable at foreground feet and visible hosiery; LifeIsGood shifted attention to the torso.
2026-08-25_19-24-16_2270.png,lustifyNSFWCheckpoint_zenithV9,Feet,Shots/Feet Focus,"close editorial detail of both feet inside ultra-sheer pantyhose, showing the fine fabric over polished toes while the rest of her pose falls into gentle bokeh",contact_sheets/feet_15_close-editorial-detail-of-both-feet-inside-ultra-sheer-panty.jpg,7,2,CyberRealistic was especially reliable at foreground feet and visible hosiery; LifeIsGood shifted attention to the torso.
2026-08-25_19-24-24_1961.png,lustifyNSFWCheckpoint_zenithV9,Feet,Shots/Feet Focus,"close editorial detail of both feet inside ultra-sheer pantyhose, showing the fine fabric over polished toes while the rest of her pose falls into gentle bokeh",contact_sheets/feet_15_close-editorial-detail-of-both-feet-inside-ultra-sheer-panty.jpg,8,3,CyberRealistic was especially reliable at foreground feet and visible hosiery; LifeIsGood shifted attention to the torso.
2026-08-25_19-15-48_6988.png,cyberrealisticXL_v100,Feet,Shots/Feet Focus,"elegant side-profile close-up of one arched bare foot with pointed toes, clean ankle line, soft skin detail, and flattering diffused light",contact_sheets/feet_16_elegant-side-profile-close-up-of-one-arched-bare-foot-with-p.jpg,1,2,"Juggernaut image 4 followed the literal foot close-up best, intentionally leaving no face to detect."
2026-08-25_19-15-55_2619.png,cyberrealisticXL_v100,Feet,Shots/Feet Focus,"elegant side-profile close-up of one arched bare foot with pointed toes, clean ankle line, soft skin detail, and flattering diffused light",contact_sheets/feet_16_elegant-side-profile-close-up-of-one-arched-bare-foot-with-p.jpg,2,2,"Juggernaut image 4 followed the literal foot close-up best, intentionally leaving no face to detect."
2026-08-25_19-21-42_6988.png,juggernautXL_ragnarok,Feet,Shots/Feet Focus,"elegant side-profile close-up of one arched bare foot with pointed toes, clean ankle line, soft skin detail, and flattering diffused light",contact_sheets/feet_16_elegant-side-profile-close-up-of-one-arched-bare-foot-with-p.jpg,3,2,"Juggernaut image 4 followed the literal foot close-up best, intentionally leaving no face to detect."
2026-08-25_19-21-48_2619.png,juggernautXL_ragnarok,Feet,Shots/Feet Focus,"elegant side-profile close-up of one arched bare foot with pointed toes, clean ankle line, soft skin detail, and flattering diffused light",contact_sheets/feet_16_elegant-side-profile-close-up-of-one-arched-bare-foot-with-p.jpg,4,5,"Juggernaut image 4 followed the literal foot close-up best, intentionally leaving no face to detect."
2026-08-25_19-18-34_6988.png,lifeIsGood_v1,Feet,Shots/Feet Focus,"elegant side-profile close-up of one arched bare foot with pointed toes, clean ankle line, soft skin detail, and flattering diffused light",contact_sheets/feet_16_elegant-side-profile-close-up-of-one-arched-bare-foot-with-p.jpg,5,1,"Juggernaut image 4 followed the literal foot close-up best, intentionally leaving no face to detect."
2026-08-25_19-18-40_2619.png,lifeIsGood_v1,Feet,Shots/Feet Focus,"elegant side-profile close-up of one arched bare foot with pointed toes, clean ankle line, soft skin detail, and flattering diffused light",contact_sheets/feet_16_elegant-side-profile-close-up-of-one-arched-bare-foot-with-p.jpg,6,2,"Juggernaut image 4 followed the literal foot close-up best, intentionally leaving no face to detect."
2026-08-25_19-24-58_6988.png,lustifyNSFWCheckpoint_zenithV9,Feet,Shots/Feet Focus,"elegant side-profile close-up of one arched bare foot with pointed toes, clean ankle line, soft skin detail, and flattering diffused light",contact_sheets/feet_16_elegant-side-profile-close-up-of-one-arched-bare-foot-with-p.jpg,7,3,"Juggernaut image 4 followed the literal foot close-up best, intentionally leaving no face to detect."
2026-08-25_19-25-05_2619.png,lustifyNSFWCheckpoint_zenithV9,Feet,Shots/Feet Focus,"elegant side-profile close-up of one arched bare foot with pointed toes, clean ankle line, soft skin detail, and flattering diffused light",contact_sheets/feet_16_elegant-side-profile-close-up-of-one-arched-bare-foot-with-p.jpg,8,3,"Juggernaut image 4 followed the literal foot close-up best, intentionally leaving no face to detect."
2026-08-25_19-14-38_6312.png,cyberrealisticXL_v100,Feet,Shots/Feet Focus,"full-body low floor-level composition with her relaxed bare feet nearest the lens, neatly polished toes in sharp focus, and her face clearly visible farther back",contact_sheets/feet_17_full-body-low-floor-level-composition-with-her-relaxed-bare-.jpg,1,3,Lustify made the feet largest in frame; most other outputs remained ordinary seated portraits.
2026-08-25_19-14-45_6187.png,cyberrealisticXL_v100,Feet,Shots/Feet Focus,"full-body low floor-level composition with her relaxed bare feet nearest the lens, neatly polished toes in sharp focus, and her face clearly visible farther back",contact_sheets/feet_17_full-body-low-floor-level-composition-with-her-relaxed-bare-.jpg,2,3,Lustify made the feet largest in frame; most other outputs remained ordinary seated portraits.
2026-08-25_19-20-32_6312.png,juggernautXL_ragnarok,Feet,Shots/Feet Focus,"full-body low floor-level composition with her relaxed bare feet nearest the lens, neatly polished toes in sharp focus, and her face clearly visible farther back",contact_sheets/feet_17_full-body-low-floor-level-composition-with-her-relaxed-bare-.jpg,3,3,Lustify made the feet largest in frame; most other outputs remained ordinary seated portraits.
2026-08-25_19-20-39_6187.png,juggernautXL_ragnarok,Feet,Shots/Feet Focus,"full-body low floor-level composition with her relaxed bare feet nearest the lens, neatly polished toes in sharp focus, and her face clearly visible farther back",contact_sheets/feet_17_full-body-low-floor-level-composition-with-her-relaxed-bare-.jpg,4,2,Lustify made the feet largest in frame; most other outputs remained ordinary seated portraits.
2026-08-25_19-17-32_6312.png,lifeIsGood_v1,Feet,Shots/Feet Focus,"full-body low floor-level composition with her relaxed bare feet nearest the lens, neatly polished toes in sharp focus, and her face clearly visible farther back",contact_sheets/feet_17_full-body-low-floor-level-composition-with-her-relaxed-bare-.jpg,5,1,Lustify made the feet largest in frame; most other outputs remained ordinary seated portraits.
2026-08-25_19-17-38_6187.png,lifeIsGood_v1,Feet,Shots/Feet Focus,"full-body low floor-level composition with her relaxed bare feet nearest the lens, neatly polished toes in sharp focus, and her face clearly visible farther back",contact_sheets/feet_17_full-body-low-floor-level-composition-with-her-relaxed-bare-.jpg,6,1,Lustify made the feet largest in frame; most other outputs remained ordinary seated portraits.
2026-08-25_19-23-48_6312.png,lustifyNSFWCheckpoint_zenithV9,Feet,Shots/Feet Focus,"full-body low floor-level composition with her relaxed bare feet nearest the lens, neatly polished toes in sharp focus, and her face clearly visible farther back",contact_sheets/feet_17_full-body-low-floor-level-composition-with-her-relaxed-bare-.jpg,7,4,Lustify made the feet largest in frame; most other outputs remained ordinary seated portraits.
2026-08-25_19-23-55_6187.png,lustifyNSFWCheckpoint_zenithV9,Feet,Shots/Feet Focus,"full-body low floor-level composition with her relaxed bare feet nearest the lens, neatly polished toes in sharp focus, and her face clearly visible farther back",contact_sheets/feet_17_full-body-low-floor-level-composition-with-her-relaxed-bare-.jpg,8,4,Lustify made the feet largest in frame; most other outputs remained ordinary seated portraits.
2026-08-25_19-16-42_7011.png,cyberrealisticXL_v100,Feet,Shots/Feet Focus,"intimate macro detail of polished toes curling gently against rumpled white linen, with shallow depth of field and soft warm highlights",contact_sheets/feet_18_intimate-macro-detail-of-polished-toes-curling-gently-agains.jpg,1,4,CyberRealistic and Juggernaut produced strong feet-on-linen compositions; Juggernaut image 4 was the closest to a macro detail.
2026-08-25_19-16-48_1378.png,cyberrealisticXL_v100,Feet,Shots/Feet Focus,"intimate macro detail of polished toes curling gently against rumpled white linen, with shallow depth of field and soft warm highlights",contact_sheets/feet_18_intimate-macro-detail-of-polished-toes-curling-gently-agains.jpg,2,4,CyberRealistic and Juggernaut produced strong feet-on-linen compositions; Juggernaut image 4 was the closest to a macro detail.
2026-08-25_19-22-37_7011.png,juggernautXL_ragnarok,Feet,Shots/Feet Focus,"intimate macro detail of polished toes curling gently against rumpled white linen, with shallow depth of field and soft warm highlights",contact_sheets/feet_18_intimate-macro-detail-of-polished-toes-curling-gently-agains.jpg,3,4,CyberRealistic and Juggernaut produced strong feet-on-linen compositions; Juggernaut image 4 was the closest to a macro detail.
2026-08-25_19-22-44_1378.png,juggernautXL_ragnarok,Feet,Shots/Feet Focus,"intimate macro detail of polished toes curling gently against rumpled white linen, with shallow depth of field and soft warm highlights",contact_sheets/feet_18_intimate-macro-detail-of-polished-toes-curling-gently-agains.jpg,4,5,CyberRealistic and Juggernaut produced strong feet-on-linen compositions; Juggernaut image 4 was the closest to a macro detail.
2026-08-25_19-19-28_7011.png,lifeIsGood_v1,Feet,Shots/Feet Focus,"intimate macro detail of polished toes curling gently against rumpled white linen, with shallow depth of field and soft warm highlights",contact_sheets/feet_18_intimate-macro-detail-of-polished-toes-curling-gently-agains.jpg,5,1,CyberRealistic and Juggernaut produced strong feet-on-linen compositions; Juggernaut image 4 was the closest to a macro detail.
2026-08-25_19-19-35_1378.png,lifeIsGood_v1,Feet,Shots/Feet Focus,"intimate macro detail of polished toes curling gently against rumpled white linen, with shallow depth of field and soft warm highlights",contact_sheets/feet_18_intimate-macro-detail-of-polished-toes-curling-gently-agains.jpg,6,0,CyberRealistic and Juggernaut produced strong feet-on-linen compositions; Juggernaut image 4 was the closest to a macro detail.
2026-08-25_19-25-54_7011.png,lustifyNSFWCheckpoint_zenithV9,Feet,Shots/Feet Focus,"intimate macro detail of polished toes curling gently against rumpled white linen, with shallow depth of field and soft warm highlights",contact_sheets/feet_18_intimate-macro-detail-of-polished-toes-curling-gently-agains.jpg,7,2,CyberRealistic and Juggernaut produced strong feet-on-linen compositions; Juggernaut image 4 was the closest to a macro detail.
2026-08-25_19-26-01_1378.png,lustifyNSFWCheckpoint_zenithV9,Feet,Shots/Feet Focus,"intimate macro detail of polished toes curling gently against rumpled white linen, with shallow depth of field and soft warm highlights",contact_sheets/feet_18_intimate-macro-detail-of-polished-toes-curling-gently-agains.jpg,8,4,CyberRealistic and Juggernaut produced strong feet-on-linen compositions; Juggernaut image 4 was the closest to a macro detail.
2026-08-25_19-15-20_5699.png,cyberrealisticXL_v100,Feet,Shots/Feet Focus,"lying on her stomach with ankles crossed and both feet kicked up behind her, bare soles facing the camera while she looks back with a teasing smile",contact_sheets/feet_19_lying-on-her-stomach-with-ankles-crossed-and-both-feet-kicke.jpg,1,2,"Lustify image 8 alone captured the complete stomach-down, feet-kicked-up pose; most images lost the feet."
2026-08-25_19-15-27_3004.png,cyberrealisticXL_v100,Feet,Shots/Feet Focus,"lying on her stomach with ankles crossed and both feet kicked up behind her, bare soles facing the camera while she looks back with a teasing smile",contact_sheets/feet_19_lying-on-her-stomach-with-ankles-crossed-and-both-feet-kicke.jpg,2,3,"Lustify image 8 alone captured the complete stomach-down, feet-kicked-up pose; most images lost the feet."
2026-08-25_19-21-14_5699.png,juggernautXL_ragnarok,Feet,Shots/Feet Focus,"lying on her stomach with ankles crossed and both feet kicked up behind her, bare soles facing the camera while she looks back with a teasing smile",contact_sheets/feet_19_lying-on-her-stomach-with-ankles-crossed-and-both-feet-kicke.jpg,3,2,"Lustify image 8 alone captured the complete stomach-down, feet-kicked-up pose; most images lost the feet."
2026-08-25_19-21-21_3004.png,juggernautXL_ragnarok,Feet,Shots/Feet Focus,"lying on her stomach with ankles crossed and both feet kicked up behind her, bare soles facing the camera while she looks back with a teasing smile",contact_sheets/feet_19_lying-on-her-stomach-with-ankles-crossed-and-both-feet-kicke.jpg,4,2,"Lustify image 8 alone captured the complete stomach-down, feet-kicked-up pose; most images lost the feet."
2026-08-25_19-18-09_5699.png,lifeIsGood_v1,Feet,Shots/Feet Focus,"lying on her stomach with ankles crossed and both feet kicked up behind her, bare soles facing the camera while she looks back with a teasing smile",contact_sheets/feet_19_lying-on-her-stomach-with-ankles-crossed-and-both-feet-kicke.jpg,5,1,"Lustify image 8 alone captured the complete stomach-down, feet-kicked-up pose; most images lost the feet."
2026-08-25_19-18-15_3004.png,lifeIsGood_v1,Feet,Shots/Feet Focus,"lying on her stomach with ankles crossed and both feet kicked up behind her, bare soles facing the camera while she looks back with a teasing smile",contact_sheets/feet_19_lying-on-her-stomach-with-ankles-crossed-and-both-feet-kicke.jpg,6,1,"Lustify image 8 alone captured the complete stomach-down, feet-kicked-up pose; most images lost the feet."
2026-08-25_19-24-30_5699.png,lustifyNSFWCheckpoint_zenithV9,Feet,Shots/Feet Focus,"lying on her stomach with ankles crossed and both feet kicked up behind her, bare soles facing the camera while she looks back with a teasing smile",contact_sheets/feet_19_lying-on-her-stomach-with-ankles-crossed-and-both-feet-kicke.jpg,7,3,"Lustify image 8 alone captured the complete stomach-down, feet-kicked-up pose; most images lost the feet."
2026-08-25_19-24-37_3004.png,lustifyNSFWCheckpoint_zenithV9,Feet,Shots/Feet Focus,"lying on her stomach with ankles crossed and both feet kicked up behind her, bare soles facing the camera while she looks back with a teasing smile",contact_sheets/feet_19_lying-on-her-stomach-with-ankles-crossed-and-both-feet-kicke.jpg,8,5,"Lustify image 8 alone captured the complete stomach-down, feet-kicked-up pose; most images lost the feet."
2026-08-25_19-16-02_1707.png,cyberrealisticXL_v100,Feet,Shots/Feet Focus,"playful forced-perspective portrait with one bare foot reaching toward the camera, toes nearest the lens and her amused expression visible beyond it",contact_sheets/feet_20_playful-forced-perspective-portrait-with-one-bare-foot-reach.jpg,1,4,CyberRealistic and Lustify consistently brought a foot toward the lens; LifeIsGood ignored the requested focal point.
2026-08-25_19-16-09_4420.png,cyberrealisticXL_v100,Feet,Shots/Feet Focus,"playful forced-perspective portrait with one bare foot reaching toward the camera, toes nearest the lens and her amused expression visible beyond it",contact_sheets/feet_20_playful-forced-perspective-portrait-with-one-bare-foot-reach.jpg,2,4,CyberRealistic and Lustify consistently brought a foot toward the lens; LifeIsGood ignored the requested focal point.
2026-08-25_19-21-55_1707.png,juggernautXL_ragnarok,Feet,Shots/Feet Focus,"playful forced-perspective portrait with one bare foot reaching toward the camera, toes nearest the lens and her amused expression visible beyond it",contact_sheets/feet_20_playful-forced-perspective-portrait-with-one-bare-foot-reach.jpg,3,2,CyberRealistic and Lustify consistently brought a foot toward the lens; LifeIsGood ignored the requested focal point.
2026-08-25_19-22-03_4420.png,juggernautXL_ragnarok,Feet,Shots/Feet Focus,"playful forced-perspective portrait with one bare foot reaching toward the camera, toes nearest the lens and her amused expression visible beyond it",contact_sheets/feet_20_playful-forced-perspective-portrait-with-one-bare-foot-reach.jpg,4,4,CyberRealistic and Lustify consistently brought a foot toward the lens; LifeIsGood ignored the requested focal point.
2026-08-25_19-18-46_1707.png,lifeIsGood_v1,Feet,Shots/Feet Focus,"playful forced-perspective portrait with one bare foot reaching toward the camera, toes nearest the lens and her amused expression visible beyond it",contact_sheets/feet_20_playful-forced-perspective-portrait-with-one-bare-foot-reach.jpg,5,0,CyberRealistic and Lustify consistently brought a foot toward the lens; LifeIsGood ignored the requested focal point.
2026-08-25_19-18-53_4420.png,lifeIsGood_v1,Feet,Shots/Feet Focus,"playful forced-perspective portrait with one bare foot reaching toward the camera, toes nearest the lens and her amused expression visible beyond it",contact_sheets/feet_20_playful-forced-perspective-portrait-with-one-bare-foot-reach.jpg,6,1,CyberRealistic and Lustify consistently brought a foot toward the lens; LifeIsGood ignored the requested focal point.
2026-08-25_19-25-12_1707.png,lustifyNSFWCheckpoint_zenithV9,Feet,Shots/Feet Focus,"playful forced-perspective portrait with one bare foot reaching toward the camera, toes nearest the lens and her amused expression visible beyond it",contact_sheets/feet_20_playful-forced-perspective-portrait-with-one-bare-foot-reach.jpg,7,4,CyberRealistic and Lustify consistently brought a foot toward the lens; LifeIsGood ignored the requested focal point.
2026-08-25_19-25-19_4420.png,lustifyNSFWCheckpoint_zenithV9,Feet,Shots/Feet Focus,"playful forced-perspective portrait with one bare foot reaching toward the camera, toes nearest the lens and her amused expression visible beyond it",contact_sheets/feet_20_playful-forced-perspective-portrait-with-one-bare-foot-reach.jpg,8,4,CyberRealistic and Lustify consistently brought a foot toward the lens; LifeIsGood ignored the requested focal point.
2026-08-25_19-14-52_7802.png,cyberrealisticXL_v100,Feet,Shots/Feet Focus,"reclining sideways with one leg stretched toward the camera, using controlled wide-angle perspective so her bare foot and softly curled toes fill the foreground",contact_sheets/feet_21_reclining-sideways-with-one-leg-stretched-toward-the-camera-.jpg,1,4,"CyberRealistic image 1, Juggernaut image 3, and Lustify image 8 provided the strongest extended-leg perspective."
2026-08-25_19-14-59_2616.png,cyberrealisticXL_v100,Feet,Shots/Feet Focus,"reclining sideways with one leg stretched toward the camera, using controlled wide-angle perspective so her bare foot and softly curled toes fill the foreground",contact_sheets/feet_21_reclining-sideways-with-one-leg-stretched-toward-the-camera-.jpg,2,3,"CyberRealistic image 1, Juggernaut image 3, and Lustify image 8 provided the strongest extended-leg perspective."
2026-08-25_19-20-46_7802.png,juggernautXL_ragnarok,Feet,Shots/Feet Focus,"reclining sideways with one leg stretched toward the camera, using controlled wide-angle perspective so her bare foot and softly curled toes fill the foreground",contact_sheets/feet_21_reclining-sideways-with-one-leg-stretched-toward-the-camera-.jpg,3,4,"CyberRealistic image 1, Juggernaut image 3, and Lustify image 8 provided the strongest extended-leg perspective."
2026-08-25_19-20-53_2616.png,juggernautXL_ragnarok,Feet,Shots/Feet Focus,"reclining sideways with one leg stretched toward the camera, using controlled wide-angle perspective so her bare foot and softly curled toes fill the foreground",contact_sheets/feet_21_reclining-sideways-with-one-leg-stretched-toward-the-camera-.jpg,4,2,"CyberRealistic image 1, Juggernaut image 3, and Lustify image 8 provided the strongest extended-leg perspective."
2026-08-25_19-17-44_7802.png,lifeIsGood_v1,Feet,Shots/Feet Focus,"reclining sideways with one leg stretched toward the camera, using controlled wide-angle perspective so her bare foot and softly curled toes fill the foreground",contact_sheets/feet_21_reclining-sideways-with-one-leg-stretched-toward-the-camera-.jpg,5,0,"CyberRealistic image 1, Juggernaut image 3, and Lustify image 8 provided the strongest extended-leg perspective."
2026-08-25_19-17-50_2616.png,lifeIsGood_v1,Feet,Shots/Feet Focus,"reclining sideways with one leg stretched toward the camera, using controlled wide-angle perspective so her bare foot and softly curled toes fill the foreground",contact_sheets/feet_21_reclining-sideways-with-one-leg-stretched-toward-the-camera-.jpg,6,1,"CyberRealistic image 1, Juggernaut image 3, and Lustify image 8 provided the strongest extended-leg perspective."
2026-08-25_19-24-02_7802.png,lustifyNSFWCheckpoint_zenithV9,Feet,Shots/Feet Focus,"reclining sideways with one leg stretched toward the camera, using controlled wide-angle perspective so her bare foot and softly curled toes fill the foreground",contact_sheets/feet_21_reclining-sideways-with-one-leg-stretched-toward-the-camera-.jpg,7,2,"CyberRealistic image 1, Juggernaut image 3, and Lustify image 8 provided the strongest extended-leg perspective."
2026-08-25_19-24-09_2616.png,lustifyNSFWCheckpoint_zenithV9,Feet,Shots/Feet Focus,"reclining sideways with one leg stretched toward the camera, using controlled wide-angle perspective so her bare foot and softly curled toes fill the foreground",contact_sheets/feet_21_reclining-sideways-with-one-leg-stretched-toward-the-camera-.jpg,8,4,"CyberRealistic image 1, Juggernaut image 3, and Lustify image 8 provided the strongest extended-leg perspective."
2026-08-25_19-16-54_7461.png,cyberrealisticXL_v100,Feet,Shots/Feet Focus,"symmetrical reclining composition with both bare soles nearest the lens, legs extending away from the camera, and her upper body centered in the distance",contact_sheets/feet_22_symmetrical-reclining-composition-with-both-bare-soles-neare.jpg,1,3,CyberRealistic image 2 and Juggernaut image 4 achieved the intended symmetrical soles-nearest framing very clearly.
2026-08-25_19-17-00_7211.png,cyberrealisticXL_v100,Feet,Shots/Feet Focus,"symmetrical reclining composition with both bare soles nearest the lens, legs extending away from the camera, and her upper body centered in the distance",contact_sheets/feet_22_symmetrical-reclining-composition-with-both-bare-soles-neare.jpg,2,5,CyberRealistic image 2 and Juggernaut image 4 achieved the intended symmetrical soles-nearest framing very clearly.
2026-08-25_19-22-52_7461.png,juggernautXL_ragnarok,Feet,Shots/Feet Focus,"symmetrical reclining composition with both bare soles nearest the lens, legs extending away from the camera, and her upper body centered in the distance",contact_sheets/feet_22_symmetrical-reclining-composition-with-both-bare-soles-neare.jpg,3,2,CyberRealistic image 2 and Juggernaut image 4 achieved the intended symmetrical soles-nearest framing very clearly.
2026-08-25_19-22-59_7211.png,juggernautXL_ragnarok,Feet,Shots/Feet Focus,"symmetrical reclining composition with both bare soles nearest the lens, legs extending away from the camera, and her upper body centered in the distance",contact_sheets/feet_22_symmetrical-reclining-composition-with-both-bare-soles-neare.jpg,4,5,CyberRealistic image 2 and Juggernaut image 4 achieved the intended symmetrical soles-nearest framing very clearly.
2026-08-25_19-19-42_7461.png,lifeIsGood_v1,Feet,Shots/Feet Focus,"symmetrical reclining composition with both bare soles nearest the lens, legs extending away from the camera, and her upper body centered in the distance",contact_sheets/feet_22_symmetrical-reclining-composition-with-both-bare-soles-neare.jpg,5,1,CyberRealistic image 2 and Juggernaut image 4 achieved the intended symmetrical soles-nearest framing very clearly.
2026-08-25_19-19-49_7211.png,lifeIsGood_v1,Feet,Shots/Feet Focus,"symmetrical reclining composition with both bare soles nearest the lens, legs extending away from the camera, and her upper body centered in the distance",contact_sheets/feet_22_symmetrical-reclining-composition-with-both-bare-soles-neare.jpg,6,1,CyberRealistic image 2 and Juggernaut image 4 achieved the intended symmetrical soles-nearest framing very clearly.
2026-08-25_19-26-08_7461.png,lustifyNSFWCheckpoint_zenithV9,Feet,Shots/Feet Focus,"symmetrical reclining composition with both bare soles nearest the lens, legs extending away from the camera, and her upper body centered in the distance",contact_sheets/feet_22_symmetrical-reclining-composition-with-both-bare-soles-neare.jpg,7,4,CyberRealistic image 2 and Juggernaut image 4 achieved the intended symmetrical soles-nearest framing very clearly.
2026-08-25_19-26-15_7211.png,lustifyNSFWCheckpoint_zenithV9,Feet,Shots/Feet Focus,"symmetrical reclining composition with both bare soles nearest the lens, legs extending away from the camera, and her upper body centered in the distance",contact_sheets/feet_22_symmetrical-reclining-composition-with-both-bare-soles-neare.jpg,8,4,CyberRealistic image 2 and Juggernaut image 4 achieved the intended symmetrical soles-nearest framing very clearly.
2026-08-25_19-15-34_7092.png,cyberrealisticXL_v100,Feet,Shots/Feet Focus,"top-down fashion composition centered on her bare feet against a richly textured rug, ankles close together and toes naturally relaxed",contact_sheets/feet_23_top-down-fashion-composition-centered-on-her-bare-feet-again.jpg,1,4,Most checkpoints except LifeIsGood kept bare feet central against the rug; the camera was usually frontal rather than truly top-down.
2026-08-25_19-15-41_3782.png,cyberrealisticXL_v100,Feet,Shots/Feet Focus,"top-down fashion composition centered on her bare feet against a richly textured rug, ankles close together and toes naturally relaxed",contact_sheets/feet_23_top-down-fashion-composition-centered-on-her-bare-feet-again.jpg,2,4,Most checkpoints except LifeIsGood kept bare feet central against the rug; the camera was usually frontal rather than truly top-down.
2026-08-25_19-21-28_7092.png,juggernautXL_ragnarok,Feet,Shots/Feet Focus,"top-down fashion composition centered on her bare feet against a richly textured rug, ankles close together and toes naturally relaxed",contact_sheets/feet_23_top-down-fashion-composition-centered-on-her-bare-feet-again.jpg,3,4,Most checkpoints except LifeIsGood kept bare feet central against the rug; the camera was usually frontal rather than truly top-down.
2026-08-25_19-21-35_3782.png,juggernautXL_ragnarok,Feet,Shots/Feet Focus,"top-down fashion composition centered on her bare feet against a richly textured rug, ankles close together and toes naturally relaxed",contact_sheets/feet_23_top-down-fashion-composition-centered-on-her-bare-feet-again.jpg,4,4,Most checkpoints except LifeIsGood kept bare feet central against the rug; the camera was usually frontal rather than truly top-down.
2026-08-25_19-18-21_7092.png,lifeIsGood_v1,Feet,Shots/Feet Focus,"top-down fashion composition centered on her bare feet against a richly textured rug, ankles close together and toes naturally relaxed",contact_sheets/feet_23_top-down-fashion-composition-centered-on-her-bare-feet-again.jpg,5,1,Most checkpoints except LifeIsGood kept bare feet central against the rug; the camera was usually frontal rather than truly top-down.
2026-08-25_19-18-27_3782.png,lifeIsGood_v1,Feet,Shots/Feet Focus,"top-down fashion composition centered on her bare feet against a richly textured rug, ankles close together and toes naturally relaxed",contact_sheets/feet_23_top-down-fashion-composition-centered-on-her-bare-feet-again.jpg,6,1,Most checkpoints except LifeIsGood kept bare feet central against the rug; the camera was usually frontal rather than truly top-down.
2026-08-25_19-24-44_7092.png,lustifyNSFWCheckpoint_zenithV9,Feet,Shots/Feet Focus,"top-down fashion composition centered on her bare feet against a richly textured rug, ankles close together and toes naturally relaxed",contact_sheets/feet_23_top-down-fashion-composition-centered-on-her-bare-feet-again.jpg,7,4,Most checkpoints except LifeIsGood kept bare feet central against the rug; the camera was usually frontal rather than truly top-down.
2026-08-25_19-24-51_3782.png,lustifyNSFWCheckpoint_zenithV9,Feet,Shots/Feet Focus,"top-down fashion composition centered on her bare feet against a richly textured rug, ankles close together and toes naturally relaxed",contact_sheets/feet_23_top-down-fashion-composition-centered-on-her-bare-feet-again.jpg,8,4,Most checkpoints except LifeIsGood kept bare feet central against the rug; the camera was usually frontal rather than truly top-down.
2026-08-25_19-17-06_2055.png,cyberrealisticXL_v100,Feet,Shots/Feet Focus,"warm backlit full-body silhouette emphasizing elegant feet and ankles as she rises onto tiptoe, with a crisp rim of golden light around her figure",contact_sheets/feet_24_warm-backlit-full-body-silhouette-emphasizing-elegant-feet-a.jpg,1,4,"Backlight and full-body staging were strong; toe-rise detail varied, with Lustify showing the clearest lifted-foot poses."
2026-08-25_19-17-12_9430.png,cyberrealisticXL_v100,Feet,Shots/Feet Focus,"warm backlit full-body silhouette emphasizing elegant feet and ankles as she rises onto tiptoe, with a crisp rim of golden light around her figure",contact_sheets/feet_24_warm-backlit-full-body-silhouette-emphasizing-elegant-feet-a.jpg,2,3,"Backlight and full-body staging were strong; toe-rise detail varied, with Lustify showing the clearest lifted-foot poses."
2026-08-25_19-23-06_2055.png,juggernautXL_ragnarok,Feet,Shots/Feet Focus,"warm backlit full-body silhouette emphasizing elegant feet and ankles as she rises onto tiptoe, with a crisp rim of golden light around her figure",contact_sheets/feet_24_warm-backlit-full-body-silhouette-emphasizing-elegant-feet-a.jpg,3,3,"Backlight and full-body staging were strong; toe-rise detail varied, with Lustify showing the clearest lifted-foot poses."
2026-08-25_19-23-13_9430.png,juggernautXL_ragnarok,Feet,Shots/Feet Focus,"warm backlit full-body silhouette emphasizing elegant feet and ankles as she rises onto tiptoe, with a crisp rim of golden light around her figure",contact_sheets/feet_24_warm-backlit-full-body-silhouette-emphasizing-elegant-feet-a.jpg,4,4,"Backlight and full-body staging were strong; toe-rise detail varied, with Lustify showing the clearest lifted-foot poses."
2026-08-25_19-19-56_2055.png,lifeIsGood_v1,Feet,Shots/Feet Focus,"warm backlit full-body silhouette emphasizing elegant feet and ankles as she rises onto tiptoe, with a crisp rim of golden light around her figure",contact_sheets/feet_24_warm-backlit-full-body-silhouette-emphasizing-elegant-feet-a.jpg,5,2,"Backlight and full-body staging were strong; toe-rise detail varied, with Lustify showing the clearest lifted-foot poses."
2026-08-25_19-20-04_9430.png,lifeIsGood_v1,Feet,Shots/Feet Focus,"warm backlit full-body silhouette emphasizing elegant feet and ankles as she rises onto tiptoe, with a crisp rim of golden light around her figure",contact_sheets/feet_24_warm-backlit-full-body-silhouette-emphasizing-elegant-feet-a.jpg,6,0,"Backlight and full-body staging were strong; toe-rise detail varied, with Lustify showing the clearest lifted-foot poses."
2026-08-25_19-26-22_2055.png,lustifyNSFWCheckpoint_zenithV9,Feet,Shots/Feet Focus,"warm backlit full-body silhouette emphasizing elegant feet and ankles as she rises onto tiptoe, with a crisp rim of golden light around her figure",contact_sheets/feet_24_warm-backlit-full-body-silhouette-emphasizing-elegant-feet-a.jpg,7,4,"Backlight and full-body staging were strong; toe-rise detail varied, with Lustify showing the clearest lifted-foot poses."
2026-08-25_19-26-29_9430.png,lustifyNSFWCheckpoint_zenithV9,Feet,Shots/Feet Focus,"warm backlit full-body silhouette emphasizing elegant feet and ankles as she rises onto tiptoe, with a crisp rim of golden light around her figure",contact_sheets/feet_24_warm-backlit-full-body-silhouette-emphasizing-elegant-feet-a.jpg,8,4,"Backlight and full-body staging were strong; toe-rise detail varied, with Lustify showing the clearest lifted-foot poses."
