filename,created_local,checkpoint,seed,shot_name,shot_prompt,location_name,location_prompt,resolved_source,face_detected,face_similarity_centroid,face_similarity_reference_mean,face_similarity_reference_max,path,prompt
2026-08-26_18-26-59_8534.png,2026-08-26T18:27:00,cyberrealisticXL_desireV30,198634901514153592,,,,,metadata,True,0.7909640073776245,0.6368526220321655,0.8055586218833923,D:\Fooocus\Fooocus\outputs\2026-08-26\2026-08-26_18-26-59_8534.png,"adult Chinese woman, age 18, petite build, softly rounded face, gently full cheeks, dark almond-shaped brown eyes, delicate arched brows, small straight nose, soft natural pink lips, natural adult proportions, consistent recognizable facial identity, realistic photograph, face clearly resolved at medium and full-body distance, adult Chinese woman, age 25, head-to-knees studio portrait standing squarely toward the camera, fitted ivory crew-neck top and tailored black trousers, long straight black hair tucked behind both ears, relaxed direct eye contact, neutral warm-gray backdrop, broad softbox lighting, complete face unobstructed and sharply resolved"
2026-08-26_18-27-15_9260.png,2026-08-26T18:27:15,cyberrealisticXL_desireV30,198634901514153593,,,,,metadata,True,0.7396217584609985,0.5955139994621277,0.7437361478805542,D:\Fooocus\Fooocus\outputs\2026-08-26\2026-08-26_18-27-15_9260.png,"adult Chinese woman, age 18, petite build, softly rounded face, gently full cheeks, dark almond-shaped brown eyes, delicate arched brows, small straight nose, soft natural pink lips, natural adult proportions, consistent recognizable facial identity, realistic photograph, face clearly resolved at medium and full-body distance, adult Chinese woman, age 25, head-to-knees studio portrait standing squarely toward the camera, fitted ivory crew-neck top and tailored black trousers, long straight black hair tucked behind both ears, relaxed direct eye contact, neutral warm-gray backdrop, broad softbox lighting, complete face unobstructed and sharply resolved"
2026-08-26_18-27-30_9321.png,2026-08-26T18:27:30,cyberrealisticXL_desireV30,198634901514153594,,,,,metadata,True,0.7799297571182251,0.6279682517051697,0.7856073379516602,D:\Fooocus\Fooocus\outputs\2026-08-26\2026-08-26_18-27-30_9321.png,"adult Chinese woman, age 18, petite build, softly rounded face, gently full cheeks, dark almond-shaped brown eyes, delicate arched brows, small straight nose, soft natural pink lips, natural adult proportions, consistent recognizable facial identity, realistic photograph, face clearly resolved at medium and full-body distance, adult Chinese woman, age 25, head-to-knees studio portrait standing squarely toward the camera, fitted ivory crew-neck top and tailored black trousers, long straight black hair tucked behind both ears, relaxed direct eye contact, neutral warm-gray backdrop, broad softbox lighting, complete face unobstructed and sharply resolved"
2026-08-26_18-27-50_1342.png,2026-08-26T18:27:51,cyberrealisticXL_desireV30,198634901514153595,,,,,metadata,True,0.790374755859375,0.6363782286643982,0.8114782571792603,D:\Fooocus\Fooocus\outputs\2026-08-26\2026-08-26_18-27-50_1342.png,"adult Chinese woman, age 18, petite build, softly rounded face, gently full cheeks, dark almond-shaped brown eyes, delicate arched brows, small straight nose, soft natural pink lips, natural adult proportions, consistent recognizable facial identity, realistic photograph, face clearly resolved at medium and full-body distance, adult Chinese woman, age 25, head-to-knees studio portrait standing squarely toward the camera, fitted ivory crew-neck top and tailored black trousers, long straight black hair tucked behind both ears, relaxed direct eye contact, neutral warm-gray backdrop, broad softbox lighting, complete face unobstructed and sharply resolved"
2026-08-26_18-28-10_6713.png,2026-08-26T18:28:11,cyberrealisticXL_desireV30,198634901514153596,,,,,metadata,True,0.831896185874939,0.6698096394538879,0.8001812100410461,D:\Fooocus\Fooocus\outputs\2026-08-26\2026-08-26_18-28-10_6713.png,"adult Chinese woman, age 18, petite build, softly rounded face, gently full cheeks, dark almond-shaped brown eyes, delicate arched brows, small straight nose, soft natural pink lips, natural adult proportions, consistent recognizable facial identity, realistic photograph, face clearly resolved at medium and full-body distance, adult Chinese woman, age 25, head-to-knees fashion portrait in a quiet hotel suite, simple navy knee-length dress, black hair in a low ponytail, body angled three-quarters while her face turns directly toward the camera, hands relaxed at her sides, warm even lamp light, crisp eyes and natural adult facial proportions"
2026-08-26_18-28-28_3100.png,2026-08-26T18:28:29,cyberrealisticXL_desireV30,198634901514153597,,,,,metadata,True,0.8431349396705627,0.6788585782051086,0.799565851688385,D:\Fooocus\Fooocus\outputs\2026-08-26\2026-08-26_18-28-28_3100.png,"adult Chinese woman, age 18, petite build, softly rounded face, gently full cheeks, dark almond-shaped brown eyes, delicate arched brows, small straight nose, soft natural pink lips, natural adult proportions, consistent recognizable facial identity, realistic photograph, face clearly resolved at medium and full-body distance, adult Chinese woman, age 25, head-to-knees fashion portrait in a quiet hotel suite, simple navy knee-length dress, black hair in a low ponytail, body angled three-quarters while her face turns directly toward the camera, hands relaxed at her sides, warm even lamp light, crisp eyes and natural adult facial proportions"
2026-08-26_18-28-40_3885.png,2026-08-26T18:28:40,cyberrealisticXL_desireV30,198634901514153598,,,,,metadata,True,0.8338609933853149,0.6713916659355164,0.7926409244537354,D:\Fooocus\Fooocus\outputs\2026-08-26\2026-08-26_18-28-40_3885.png,"adult Chinese woman, age 18, petite build, softly rounded face, gently full cheeks, dark almond-shaped brown eyes, delicate arched brows, small straight nose, soft natural pink lips, natural adult proportions, consistent recognizable facial identity, realistic photograph, face clearly resolved at medium and full-body distance, adult Chinese woman, age 25, head-to-knees fashion portrait in a quiet hotel suite, simple navy knee-length dress, black hair in a low ponytail, body angled three-quarters while her face turns directly toward the camera, hands relaxed at her sides, warm even lamp light, crisp eyes and natural adult facial proportions"
2026-08-26_18-28-59_1603.png,2026-08-26T18:29:00,cyberrealisticXL_desireV30,198634901514153599,,,,,metadata,True,0.8544814586639404,0.6879943609237671,0.834631621837616,D:\Fooocus\Fooocus\outputs\2026-08-26\2026-08-26_18-28-59_1603.png,"adult Chinese woman, age 18, petite build, softly rounded face, gently full cheeks, dark almond-shaped brown eyes, delicate arched brows, small straight nose, soft natural pink lips, natural adult proportions, consistent recognizable facial identity, realistic photograph, face clearly resolved at medium and full-body distance, adult Chinese woman, age 25, head-to-knees fashion portrait in a quiet hotel suite, simple navy knee-length dress, black hair in a low ponytail, body angled three-quarters while her face turns directly toward the camera, hands relaxed at her sides, warm even lamp light, crisp eyes and natural adult facial proportions"
2026-08-26_18-29-11_3838.png,2026-08-26T18:29:11,cyberrealisticXL_desireV30,198634901514153600,,,,,metadata,True,0.7999435663223267,0.64408278465271,0.7801045179367065,D:\Fooocus\Fooocus\outputs\2026-08-26\2026-08-26_18-29-11_3838.png,"adult Chinese woman, age 18, petite build, softly rounded face, gently full cheeks, dark almond-shaped brown eyes, delicate arched brows, small straight nose, soft natural pink lips, natural adult proportions, consistent recognizable facial identity, realistic photograph, face clearly resolved at medium and full-body distance, adult Chinese woman, age 25, full-body studio portrait standing naturally with weight on one hip, white fitted T-shirt, dark straight-leg jeans and simple heels, long black hair worn loose, friendly direct smile, camera close enough to preserve clear facial detail, neutral seamless backdrop and clean diffused light"
2026-08-26_18-29-24_7835.png,2026-08-26T18:29:24,cyberrealisticXL_desireV30,198634901514153601,,,,,metadata,True,0.7904266119003296,0.6364200115203857,0.7663062810897827,D:\Fooocus\Fooocus\outputs\2026-08-26\2026-08-26_18-29-24_7835.png,"adult Chinese woman, age 18, petite build, softly rounded face, gently full cheeks, dark almond-shaped brown eyes, delicate arched brows, small straight nose, soft natural pink lips, natural adult proportions, consistent recognizable facial identity, realistic photograph, face clearly resolved at medium and full-body distance, adult Chinese woman, age 25, full-body studio portrait standing naturally with weight on one hip, white fitted T-shirt, dark straight-leg jeans and simple heels, long black hair worn loose, friendly direct smile, camera close enough to preserve clear facial detail, neutral seamless backdrop and clean diffused light"
2026-08-26_18-29-37_9728.png,2026-08-26T18:29:38,cyberrealisticXL_desireV30,198634901514153602,,,,,metadata,True,0.7855752110481262,0.6325138211250305,0.7510062456130981,D:\Fooocus\Fooocus\outputs\2026-08-26\2026-08-26_18-29-37_9728.png,"adult Chinese woman, age 18, petite build, softly rounded face, gently full cheeks, dark almond-shaped brown eyes, delicate arched brows, small straight nose, soft natural pink lips, natural adult proportions, consistent recognizable facial identity, realistic photograph, face clearly resolved at medium and full-body distance, adult Chinese woman, age 25, full-body studio portrait standing naturally with weight on one hip, white fitted T-shirt, dark straight-leg jeans and simple heels, long black hair worn loose, friendly direct smile, camera close enough to preserve clear facial detail, neutral seamless backdrop and clean diffused light"
2026-08-26_18-29-51_6751.png,2026-08-26T18:29:51,cyberrealisticXL_desireV30,198634901514153603,,,,,metadata,True,0.781108021736145,0.6289170384407043,0.7378624677658081,D:\Fooocus\Fooocus\outputs\2026-08-26\2026-08-26_18-29-51_6751.png,"adult Chinese woman, age 18, petite build, softly rounded face, gently full cheeks, dark almond-shaped brown eyes, delicate arched brows, small straight nose, soft natural pink lips, natural adult proportions, consistent recognizable facial identity, realistic photograph, face clearly resolved at medium and full-body distance, adult Chinese woman, age 25, full-body studio portrait standing naturally with weight on one hip, white fitted T-shirt, dark straight-leg jeans and simple heels, long black hair worn loose, friendly direct smile, camera close enough to preserve clear facial detail, neutral seamless backdrop and clean diffused light"
2026-08-26_18-30-02_5128.png,2026-08-26T18:30:03,cyberrealisticXL_desireV30,198634901514153604,,,,,metadata,True,0.7992295026779175,0.6435077786445618,0.8045570850372314,D:\Fooocus\Fooocus\outputs\2026-08-26\2026-08-26_18-30-02_5128.png,"adult Chinese woman, age 18, petite build, softly rounded face, gently full cheeks, dark almond-shaped brown eyes, delicate arched brows, small straight nose, soft natural pink lips, natural adult proportions, consistent recognizable facial identity, realistic photograph, face clearly resolved at medium and full-body distance, adult Chinese woman, age 25, full-body outdoor portrait walking slowly toward the camera on a garden path, knee-length green wrap dress and low heels, black hair moving lightly in the breeze, alert direct gaze, face fully visible and sharply focused, soft overcast daylight and restrained foliage bokeh"
2026-08-26_18-30-15_1317.png,2026-08-26T18:30:16,cyberrealisticXL_desireV30,198634901514153605,,,,,metadata,True,0.7536820769309998,0.6068347096443176,0.7604780197143555,D:\Fooocus\Fooocus\outputs\2026-08-26\2026-08-26_18-30-15_1317.png,"adult Chinese woman, age 18, petite build, softly rounded face, gently full cheeks, dark almond-shaped brown eyes, delicate arched brows, small straight nose, soft natural pink lips, natural adult proportions, consistent recognizable facial identity, realistic photograph, face clearly resolved at medium and full-body distance, adult Chinese woman, age 25, full-body outdoor portrait walking slowly toward the camera on a garden path, knee-length green wrap dress and low heels, black hair moving lightly in the breeze, alert direct gaze, face fully visible and sharply focused, soft overcast daylight and restrained foliage bokeh"
2026-08-26_18-30-27_9138.png,2026-08-26T18:30:27,cyberrealisticXL_desireV30,198634901514153606,,,,,metadata,True,0.7576533555984497,0.6100322604179382,0.7490008473396301,D:\Fooocus\Fooocus\outputs\2026-08-26\2026-08-26_18-30-27_9138.png,"adult Chinese woman, age 18, petite build, softly rounded face, gently full cheeks, dark almond-shaped brown eyes, delicate arched brows, small straight nose, soft natural pink lips, natural adult proportions, consistent recognizable facial identity, realistic photograph, face clearly resolved at medium and full-body distance, adult Chinese woman, age 25, full-body outdoor portrait walking slowly toward the camera on a garden path, knee-length green wrap dress and low heels, black hair moving lightly in the breeze, alert direct gaze, face fully visible and sharply focused, soft overcast daylight and restrained foliage bokeh"
2026-08-26_18-30-38_1297.png,2026-08-26T18:30:38,cyberrealisticXL_desireV30,198634901514153607,,,,,metadata,True,0.7755392789840698,0.6244333386421204,0.8294832706451416,D:\Fooocus\Fooocus\outputs\2026-08-26\2026-08-26_18-30-38_1297.png,"adult Chinese woman, age 18, petite build, softly rounded face, gently full cheeks, dark almond-shaped brown eyes, delicate arched brows, small straight nose, soft natural pink lips, natural adult proportions, consistent recognizable facial identity, realistic photograph, face clearly resolved at medium and full-body distance, adult Chinese woman, age 25, full-body outdoor portrait walking slowly toward the camera on a garden path, knee-length green wrap dress and low heels, black hair moving lightly in the breeze, alert direct gaze, face fully visible and sharply focused, soft overcast daylight and restrained foliage bokeh"
2026-08-26_18-30-49_7331.png,2026-08-26T18:30:50,cyberrealisticXL_desireV30,198634901514153608,,,,,metadata,True,0.7880539298057556,0.6345095038414001,0.7606679201126099,D:\Fooocus\Fooocus\outputs\2026-08-26\2026-08-26_18-30-49_7331.png,"adult Chinese woman, age 18, petite build, softly rounded face, gently full cheeks, dark almond-shaped brown eyes, delicate arched brows, small straight nose, soft natural pink lips, natural adult proportions, consistent recognizable facial identity, realistic photograph, face clearly resolved at medium and full-body distance, adult Chinese woman, age 25, full-body rear three-quarter portrait beside a plain studio wall, cream sweater and fitted dark trousers, black hair in a low ponytail, shoulders and complete face turned clearly back toward the camera, subtle closed-lip smile, simple pose and bright neutral lighting"
2026-08-26_18-31-00_8968.png,2026-08-26T18:31:01,cyberrealisticXL_desireV30,198634901514153609,,,,,metadata,True,0.8520047664642334,0.6860001683235168,0.8134931921958923,D:\Fooocus\Fooocus\outputs\2026-08-26\2026-08-26_18-31-00_8968.png,"adult Chinese woman, age 18, petite build, softly rounded face, gently full cheeks, dark almond-shaped brown eyes, delicate arched brows, small straight nose, soft natural pink lips, natural adult proportions, consistent recognizable facial identity, realistic photograph, face clearly resolved at medium and full-body distance, adult Chinese woman, age 25, full-body rear three-quarter portrait beside a plain studio wall, cream sweater and fitted dark trousers, black hair in a low ponytail, shoulders and complete face turned clearly back toward the camera, subtle closed-lip smile, simple pose and bright neutral lighting"
2026-08-26_18-31-11_3151.png,2026-08-26T18:31:12,cyberrealisticXL_desireV30,198634901514153610,,,,,metadata,True,0.7235022783279419,0.5825352072715759,0.715607225894928,D:\Fooocus\Fooocus\outputs\2026-08-26\2026-08-26_18-31-11_3151.png,"adult Chinese woman, age 18, petite build, softly rounded face, gently full cheeks, dark almond-shaped brown eyes, delicate arched brows, small straight nose, soft natural pink lips, natural adult proportions, consistent recognizable facial identity, realistic photograph, face clearly resolved at medium and full-body distance, adult Chinese woman, age 25, full-body rear three-quarter portrait beside a plain studio wall, cream sweater and fitted dark trousers, black hair in a low ponytail, shoulders and complete face turned clearly back toward the camera, subtle closed-lip smile, simple pose and bright neutral lighting"
2026-08-26_18-31-22_4586.png,2026-08-26T18:31:23,cyberrealisticXL_desireV30,198634901514153611,,,,,metadata,True,0.8195083141326904,0.6598353981971741,0.7670111656188965,D:\Fooocus\Fooocus\outputs\2026-08-26\2026-08-26_18-31-22_4586.png,"adult Chinese woman, age 18, petite build, softly rounded face, gently full cheeks, dark almond-shaped brown eyes, delicate arched brows, small straight nose, soft natural pink lips, natural adult proportions, consistent recognizable facial identity, realistic photograph, face clearly resolved at medium and full-body distance, adult Chinese woman, age 25, full-body rear three-quarter portrait beside a plain studio wall, cream sweater and fitted dark trousers, black hair in a low ponytail, shoulders and complete face turned clearly back toward the camera, subtle closed-lip smile, simple pose and bright neutral lighting"
2026-08-26_18-31-37_7340.png,2026-08-26T18:31:37,cyberrealisticXL_desireV30,198634901514153612,,,,,metadata,True,0.815954864025116,0.6569742560386658,0.8062090873718262,D:\Fooocus\Fooocus\outputs\2026-08-26\2026-08-26_18-31-37_7340.png,"adult Chinese woman, age 18, petite build, softly rounded face, gently full cheeks, dark almond-shaped brown eyes, delicate arched brows, small straight nose, soft natural pink lips, natural adult proportions, consistent recognizable facial identity, realistic photograph, face clearly resolved at medium and full-body distance, adult Chinese woman, age 25, head-to-knees seated portrait near the front of a simple chair, dark-red knee-length dress, polished braided updo, knees together and ankles angled slightly aside, hands resting naturally on her thighs, warm direct smile, evenly lit face and uncluttered cream background"
2026-08-26_18-31-48_9715.png,2026-08-26T18:31:48,cyberrealisticXL_desireV30,198634901514153613,,,,,metadata,True,0.7810761332511902,0.6288914084434509,0.752710223197937,D:\Fooocus\Fooocus\outputs\2026-08-26\2026-08-26_18-31-48_9715.png,"adult Chinese woman, age 18, petite build, softly rounded face, gently full cheeks, dark almond-shaped brown eyes, delicate arched brows, small straight nose, soft natural pink lips, natural adult proportions, consistent recognizable facial identity, realistic photograph, face clearly resolved at medium and full-body distance, adult Chinese woman, age 25, head-to-knees seated portrait near the front of a simple chair, dark-red knee-length dress, polished braided updo, knees together and ankles angled slightly aside, hands resting naturally on her thighs, warm direct smile, evenly lit face and uncluttered cream background"
2026-08-26_18-32-03_9910.png,2026-08-26T18:32:03,cyberrealisticXL_desireV30,198634901514153614,,,,,metadata,True,0.787135124206543,0.6337698698043823,0.7980026006698608,D:\Fooocus\Fooocus\outputs\2026-08-26\2026-08-26_18-32-03_9910.png,"adult Chinese woman, age 18, petite build, softly rounded face, gently full cheeks, dark almond-shaped brown eyes, delicate arched brows, small straight nose, soft natural pink lips, natural adult proportions, consistent recognizable facial identity, realistic photograph, face clearly resolved at medium and full-body distance, adult Chinese woman, age 25, head-to-knees seated portrait near the front of a simple chair, dark-red knee-length dress, polished braided updo, knees together and ankles angled slightly aside, hands resting naturally on her thighs, warm direct smile, evenly lit face and uncluttered cream background"
2026-08-26_18-32-17_3821.png,2026-08-26T18:32:18,cyberrealisticXL_desireV30,198634901514153615,,,,,metadata,True,0.8388369679450989,0.675398051738739,0.8196820020675659,D:\Fooocus\Fooocus\outputs\2026-08-26\2026-08-26_18-32-17_3821.png,"adult Chinese woman, age 18, petite build, softly rounded face, gently full cheeks, dark almond-shaped brown eyes, delicate arched brows, small straight nose, soft natural pink lips, natural adult proportions, consistent recognizable facial identity, realistic photograph, face clearly resolved at medium and full-body distance, adult Chinese woman, age 25, head-to-knees seated portrait near the front of a simple chair, dark-red knee-length dress, polished braided updo, knees together and ankles angled slightly aside, hands resting naturally on her thighs, warm direct smile, evenly lit face and uncluttered cream background"
2026-08-26_18-32-28_7783.png,2026-08-26T18:32:29,cyberrealisticXL_desireV30,198634901514153616,,,,,metadata,True,0.7968130111694336,0.6415621042251587,0.7460035085678101,D:\Fooocus\Fooocus\outputs\2026-08-26\2026-08-26_18-32-28_7783.png,"adult Chinese woman, age 18, petite build, softly rounded face, gently full cheeks, dark almond-shaped brown eyes, delicate arched brows, small straight nose, soft natural pink lips, natural adult proportions, consistent recognizable facial identity, realistic photograph, face clearly resolved at medium and full-body distance, adult Chinese woman, age 25, three-quarter portrait perched on a waist-high counter with one leg relaxed downward, fitted navy blouse and high-waisted white shorts, black hair in a smooth high ponytail, hands braced beside her hips, face lifted directly toward the camera, bright loft daylight and crisp facial detail"
2026-08-26_18-32-39_7989.png,2026-08-26T18:32:40,cyberrealisticXL_desireV30,198634901514153617,,,,,metadata,True,0.7997236251831055,0.6439055800437927,0.7937589883804321,D:\Fooocus\Fooocus\outputs\2026-08-26\2026-08-26_18-32-39_7989.png,"adult Chinese woman, age 18, petite build, softly rounded face, gently full cheeks, dark almond-shaped brown eyes, delicate arched brows, small straight nose, soft natural pink lips, natural adult proportions, consistent recognizable facial identity, realistic photograph, face clearly resolved at medium and full-body distance, adult Chinese woman, age 25, three-quarter portrait perched on a waist-high counter with one leg relaxed downward, fitted navy blouse and high-waisted white shorts, black hair in a smooth high ponytail, hands braced beside her hips, face lifted directly toward the camera, bright loft daylight and crisp facial detail"
2026-08-26_18-32-51_1494.png,2026-08-26T18:32:51,cyberrealisticXL_desireV30,198634901514153618,,,,,metadata,True,0.8143084645271301,0.6556486487388611,0.8101247549057007,D:\Fooocus\Fooocus\outputs\2026-08-26\2026-08-26_18-32-51_1494.png,"adult Chinese woman, age 18, petite build, softly rounded face, gently full cheeks, dark almond-shaped brown eyes, delicate arched brows, small straight nose, soft natural pink lips, natural adult proportions, consistent recognizable facial identity, realistic photograph, face clearly resolved at medium and full-body distance, adult Chinese woman, age 25, three-quarter portrait perched on a waist-high counter with one leg relaxed downward, fitted navy blouse and high-waisted white shorts, black hair in a smooth high ponytail, hands braced beside her hips, face lifted directly toward the camera, bright loft daylight and crisp facial detail"
2026-08-26_18-33-02_8843.png,2026-08-26T18:33:02,cyberrealisticXL_desireV30,198634901514153619,,,,,metadata,True,0.808711051940918,0.6511419415473938,0.7783361077308655,D:\Fooocus\Fooocus\outputs\2026-08-26\2026-08-26_18-33-02_8843.png,"adult Chinese woman, age 18, petite build, softly rounded face, gently full cheeks, dark almond-shaped brown eyes, delicate arched brows, small straight nose, soft natural pink lips, natural adult proportions, consistent recognizable facial identity, realistic photograph, face clearly resolved at medium and full-body distance, adult Chinese woman, age 25, three-quarter portrait perched on a waist-high counter with one leg relaxed downward, fitted navy blouse and high-waisted white shorts, black hair in a smooth high ponytail, hands braced beside her hips, face lifted directly toward the camera, bright loft daylight and crisp facial detail"
2026-08-26_18-33-13_1278.png,2026-08-26T18:33:13,cyberrealisticXL_desireV30,198634901514153620,,,,,metadata,True,0.8020939230918884,0.6458140015602112,0.7939560413360596,D:\Fooocus\Fooocus\outputs\2026-08-26\2026-08-26_18-33-13_1278.png,"adult Chinese woman, age 18, petite build, softly rounded face, gently full cheeks, dark almond-shaped brown eyes, delicate arched brows, small straight nose, soft natural pink lips, natural adult proportions, consistent recognizable facial identity, realistic photograph, face clearly resolved at medium and full-body distance, adult Chinese woman, age 25, three-quarter portrait sitting cross-legged on a pale studio floor, fitted charcoal long-sleeve top and cream trousers, long center-parted black hair, shoulders open and posture relaxed, spontaneous adult smile, broad diffused light and a clean background"
2026-08-26_18-33-24_4531.png,2026-08-26T18:33:24,cyberrealisticXL_desireV30,198634901514153621,,,,,metadata,True,0.7718071937561035,0.6214281916618347,0.7531348466873169,D:\Fooocus\Fooocus\outputs\2026-08-26\2026-08-26_18-33-24_4531.png,"adult Chinese woman, age 18, petite build, softly rounded face, gently full cheeks, dark almond-shaped brown eyes, delicate arched brows, small straight nose, soft natural pink lips, natural adult proportions, consistent recognizable facial identity, realistic photograph, face clearly resolved at medium and full-body distance, adult Chinese woman, age 25, three-quarter portrait sitting cross-legged on a pale studio floor, fitted charcoal long-sleeve top and cream trousers, long center-parted black hair, shoulders open and posture relaxed, spontaneous adult smile, broad diffused light and a clean background"
2026-08-26_18-33-35_8058.png,2026-08-26T18:33:36,cyberrealisticXL_desireV30,198634901514153622,,,,,metadata,True,0.8096885085105896,0.6519289016723633,0.781440019607544,D:\Fooocus\Fooocus\outputs\2026-08-26\2026-08-26_18-33-35_8058.png,"adult Chinese woman, age 18, petite build, softly rounded face, gently full cheeks, dark almond-shaped brown eyes, delicate arched brows, small straight nose, soft natural pink lips, natural adult proportions, consistent recognizable facial identity, realistic photograph, face clearly resolved at medium and full-body distance, adult Chinese woman, age 25, three-quarter portrait sitting cross-legged on a pale studio floor, fitted charcoal long-sleeve top and cream trousers, long center-parted black hair, shoulders open and posture relaxed, spontaneous adult smile, broad diffused light and a clean background"
2026-08-26_18-33-46_4243.png,2026-08-26T18:33:47,cyberrealisticXL_desireV30,198634901514153623,,,,,metadata,True,0.794062077999115,0.6393470764160156,0.7592085599899292,D:\Fooocus\Fooocus\outputs\2026-08-26\2026-08-26_18-33-46_4243.png,"adult Chinese woman, age 18, petite build, softly rounded face, gently full cheeks, dark almond-shaped brown eyes, delicate arched brows, small straight nose, soft natural pink lips, natural adult proportions, consistent recognizable facial identity, realistic photograph, face clearly resolved at medium and full-body distance, adult Chinese woman, age 25, three-quarter portrait sitting cross-legged on a pale studio floor, fitted charcoal long-sleeve top and cream trousers, long center-parted black hair, shoulders open and posture relaxed, spontaneous adult smile, broad diffused light and a clean background"
2026-08-26_18-34-01_4428.png,2026-08-26T18:34:01,cyberrealisticXL_desireV30,198634901514153624,,,,,metadata,True,0.7649762630462646,0.6159283518791199,0.714809238910675,D:\Fooocus\Fooocus\outputs\2026-08-26\2026-08-26_18-34-01_4428.png,"adult Chinese woman, age 18, petite build, softly rounded face, gently full cheeks, dark almond-shaped brown eyes, delicate arched brows, small straight nose, soft natural pink lips, natural adult proportions, consistent recognizable facial identity, realistic photograph, face clearly resolved at medium and full-body distance, adult Chinese woman, age 25, head-to-knees portrait leaning lightly against a doorway, pale-blue blouse and tailored burgundy skirt, sleek chin-length black bob, ankles loosely crossed and arms relaxed, steady direct eye contact, soft window light with both eyes clearly visible"
2026-08-26_18-34-15_1403.png,2026-08-26T18:34:16,cyberrealisticXL_desireV30,198634901514153625,,,,,metadata,True,0.7963701486587524,0.6412054896354675,0.7851396799087524,D:\Fooocus\Fooocus\outputs\2026-08-26\2026-08-26_18-34-15_1403.png,"adult Chinese woman, age 18, petite build, softly rounded face, gently full cheeks, dark almond-shaped brown eyes, delicate arched brows, small straight nose, soft natural pink lips, natural adult proportions, consistent recognizable facial identity, realistic photograph, face clearly resolved at medium and full-body distance, adult Chinese woman, age 25, head-to-knees portrait leaning lightly against a doorway, pale-blue blouse and tailored burgundy skirt, sleek chin-length black bob, ankles loosely crossed and arms relaxed, steady direct eye contact, soft window light with both eyes clearly visible"
2026-08-26_18-34-27_5398.png,2026-08-26T18:34:27,cyberrealisticXL_desireV30,198634901514153626,,,,,metadata,True,0.8245800733566284,0.6639190316200256,0.8144780397415161,D:\Fooocus\Fooocus\outputs\2026-08-26\2026-08-26_18-34-27_5398.png,"adult Chinese woman, age 18, petite build, softly rounded face, gently full cheeks, dark almond-shaped brown eyes, delicate arched brows, small straight nose, soft natural pink lips, natural adult proportions, consistent recognizable facial identity, realistic photograph, face clearly resolved at medium and full-body distance, adult Chinese woman, age 25, head-to-knees portrait leaning lightly against a doorway, pale-blue blouse and tailored burgundy skirt, sleek chin-length black bob, ankles loosely crossed and arms relaxed, steady direct eye contact, soft window light with both eyes clearly visible"
2026-08-26_18-34-42_4506.png,2026-08-26T18:34:42,cyberrealisticXL_desireV30,198634901514153627,,,,,metadata,True,0.6772638559341431,0.5453059673309326,0.7075487375259399,D:\Fooocus\Fooocus\outputs\2026-08-26\2026-08-26_18-34-42_4506.png,"adult Chinese woman, age 18, petite build, softly rounded face, gently full cheeks, dark almond-shaped brown eyes, delicate arched brows, small straight nose, soft natural pink lips, natural adult proportions, consistent recognizable facial identity, realistic photograph, face clearly resolved at medium and full-body distance, adult Chinese woman, age 25, head-to-knees portrait leaning lightly against a doorway, pale-blue blouse and tailored burgundy skirt, sleek chin-length black bob, ankles loosely crossed and arms relaxed, steady direct eye contact, soft window light with both eyes clearly visible"
2026-08-26_18-34-53_7516.png,2026-08-26T18:34:54,cyberrealisticXL_desireV30,198634901514153628,,,,,metadata,True,0.7930494546890259,0.6385316848754883,0.743752658367157,D:\Fooocus\Fooocus\outputs\2026-08-26\2026-08-26_18-34-53_7516.png,"adult Chinese woman, age 18, petite build, softly rounded face, gently full cheeks, dark almond-shaped brown eyes, delicate arched brows, small straight nose, soft natural pink lips, natural adult proportions, consistent recognizable facial identity, realistic photograph, face clearly resolved at medium and full-body distance, adult Chinese woman, age 25, full-body poolside fashion portrait standing barefoot with feet close together, elegant cobalt one-piece swimsuit, wet-look black hair swept behind her shoulders, restrained confident smile, face fully visible and in focus, natural overcast daylight with soft water reflections"
2026-08-26_18-35-04_4306.png,2026-08-26T18:35:05,cyberrealisticXL_desireV30,198634901514153629,,,,,metadata,True,0.8182069063186646,0.6587876081466675,0.7596293091773987,D:\Fooocus\Fooocus\outputs\2026-08-26\2026-08-26_18-35-04_4306.png,"adult Chinese woman, age 18, petite build, softly rounded face, gently full cheeks, dark almond-shaped brown eyes, delicate arched brows, small straight nose, soft natural pink lips, natural adult proportions, consistent recognizable facial identity, realistic photograph, face clearly resolved at medium and full-body distance, adult Chinese woman, age 25, full-body poolside fashion portrait standing barefoot with feet close together, elegant cobalt one-piece swimsuit, wet-look black hair swept behind her shoulders, restrained confident smile, face fully visible and in focus, natural overcast daylight with soft water reflections"
2026-08-26_18-35-15_7190.png,2026-08-26T18:35:16,cyberrealisticXL_desireV30,198634901514153630,,,,,metadata,True,0.824626624584198,0.6639565229415894,0.7733883261680603,D:\Fooocus\Fooocus\outputs\2026-08-26\2026-08-26_18-35-15_7190.png,"adult Chinese woman, age 18, petite build, softly rounded face, gently full cheeks, dark almond-shaped brown eyes, delicate arched brows, small straight nose, soft natural pink lips, natural adult proportions, consistent recognizable facial identity, realistic photograph, face clearly resolved at medium and full-body distance, adult Chinese woman, age 25, full-body poolside fashion portrait standing barefoot with feet close together, elegant cobalt one-piece swimsuit, wet-look black hair swept behind her shoulders, restrained confident smile, face fully visible and in focus, natural overcast daylight with soft water reflections"
2026-08-26_18-35-27_2659.png,2026-08-26T18:35:27,cyberrealisticXL_desireV30,198634901514153631,,,,,metadata,True,0.7751376628875732,0.6241099238395691,0.7300649881362915,D:\Fooocus\Fooocus\outputs\2026-08-26\2026-08-26_18-35-27_2659.png,"adult Chinese woman, age 18, petite build, softly rounded face, gently full cheeks, dark almond-shaped brown eyes, delicate arched brows, small straight nose, soft natural pink lips, natural adult proportions, consistent recognizable facial identity, realistic photograph, face clearly resolved at medium and full-body distance, adult Chinese woman, age 25, full-body poolside fashion portrait standing barefoot with feet close together, elegant cobalt one-piece swimsuit, wet-look black hair swept behind her shoulders, restrained confident smile, face fully visible and in focus, natural overcast daylight with soft water reflections"
2026-08-26_18-35-41_5625.png,2026-08-26T18:35:42,cyberrealisticXL_desireV30,198634901514153632,,,,,metadata,True,0.7585967779159546,0.6107919216156006,0.7353023886680603,D:\Fooocus\Fooocus\outputs\2026-08-26\2026-08-26_18-35-41_5625.png,"adult Chinese woman, age 18, petite build, softly rounded face, gently full cheeks, dark almond-shaped brown eyes, delicate arched brows, small straight nose, soft natural pink lips, natural adult proportions, consistent recognizable facial identity, realistic photograph, face clearly resolved at medium and full-body distance, adult Chinese woman, age 25, head-to-knees side-profile portrait beside a tall studio window, simple black mock-neck dress, long black hair falling behind her shoulder, chin level and hands relaxed below the waist, clean profile of forehead, nose, lips and jaw, neutral daylight and sharp facial detail"
2026-08-26_18-35-57_6413.png,2026-08-26T18:35:58,cyberrealisticXL_desireV30,198634901514153633,,,,,metadata,True,0.7428632974624634,0.5981239080429077,0.7217990159988403,D:\Fooocus\Fooocus\outputs\2026-08-26\2026-08-26_18-35-57_6413.png,"adult Chinese woman, age 18, petite build, softly rounded face, gently full cheeks, dark almond-shaped brown eyes, delicate arched brows, small straight nose, soft natural pink lips, natural adult proportions, consistent recognizable facial identity, realistic photograph, face clearly resolved at medium and full-body distance, adult Chinese woman, age 25, head-to-knees side-profile portrait beside a tall studio window, simple black mock-neck dress, long black hair falling behind her shoulder, chin level and hands relaxed below the waist, clean profile of forehead, nose, lips and jaw, neutral daylight and sharp facial detail"
2026-08-26_18-36-11_1586.png,2026-08-26T18:36:12,cyberrealisticXL_desireV30,198634901514153634,,,,,metadata,True,0.7698088884353638,0.6198194026947021,0.7358534932136536,D:\Fooocus\Fooocus\outputs\2026-08-26\2026-08-26_18-36-11_1586.png,"adult Chinese woman, age 18, petite build, softly rounded face, gently full cheeks, dark almond-shaped brown eyes, delicate arched brows, small straight nose, soft natural pink lips, natural adult proportions, consistent recognizable facial identity, realistic photograph, face clearly resolved at medium and full-body distance, adult Chinese woman, age 25, head-to-knees side-profile portrait beside a tall studio window, simple black mock-neck dress, long black hair falling behind her shoulder, chin level and hands relaxed below the waist, clean profile of forehead, nose, lips and jaw, neutral daylight and sharp facial detail"
2026-08-26_18-36-26_2529.png,2026-08-26T18:36:26,cyberrealisticXL_desireV30,198634901514153635,,,,,metadata,True,0.8261999487876892,0.6652233004570007,0.8152796030044556,D:\Fooocus\Fooocus\outputs\2026-08-26\2026-08-26_18-36-26_2529.png,"adult Chinese woman, age 18, petite build, softly rounded face, gently full cheeks, dark almond-shaped brown eyes, delicate arched brows, small straight nose, soft natural pink lips, natural adult proportions, consistent recognizable facial identity, realistic photograph, face clearly resolved at medium and full-body distance, adult Chinese woman, age 25, head-to-knees side-profile portrait beside a tall studio window, simple black mock-neck dress, long black hair falling behind her shoulder, chin level and hands relaxed below the waist, clean profile of forehead, nose, lips and jaw, neutral daylight and sharp facial detail"
2026-08-26_18-36-37_4129.png,2026-08-26T18:36:38,cyberrealisticXL_desireV30,198634901514153636,,,,,metadata,True,0.7793013453483582,0.6274623870849609,0.8022556900978088,D:\Fooocus\Fooocus\outputs\2026-08-26\2026-08-26_18-36-37_4129.png,"adult Chinese woman, age 18, petite build, softly rounded face, gently full cheeks, dark almond-shaped brown eyes, delicate arched brows, small straight nose, soft natural pink lips, natural adult proportions, consistent recognizable facial identity, realistic photograph, face clearly resolved at medium and full-body distance, adult Chinese woman, age 25, full-body evening portrait standing beside a velvet chair, tailored black blazer over an ivory camisole with a knee-length satin skirt, black hair in a precise French twist, one hand lightly touching the chair back, direct composed gaze, balanced blue-hour window light and warm interior fill preserving her complete face"
2026-08-26_18-36-48_3380.png,2026-08-26T18:36:49,cyberrealisticXL_desireV30,198634901514153637,,,,,metadata,True,0.7834409475326538,0.6307954788208008,0.8207385540008545,D:\Fooocus\Fooocus\outputs\2026-08-26\2026-08-26_18-36-48_3380.png,"adult Chinese woman, age 18, petite build, softly rounded face, gently full cheeks, dark almond-shaped brown eyes, delicate arched brows, small straight nose, soft natural pink lips, natural adult proportions, consistent recognizable facial identity, realistic photograph, face clearly resolved at medium and full-body distance, adult Chinese woman, age 25, full-body evening portrait standing beside a velvet chair, tailored black blazer over an ivory camisole with a knee-length satin skirt, black hair in a precise French twist, one hand lightly touching the chair back, direct composed gaze, balanced blue-hour window light and warm interior fill preserving her complete face"
2026-08-26_18-37-00_6676.png,2026-08-26T18:37:00,cyberrealisticXL_desireV30,198634901514153638,,,,,metadata,True,0.8187015056610107,0.6591858267784119,0.7689490914344788,D:\Fooocus\Fooocus\outputs\2026-08-26\2026-08-26_18-37-00_6676.png,"adult Chinese woman, age 18, petite build, softly rounded face, gently full cheeks, dark almond-shaped brown eyes, delicate arched brows, small straight nose, soft natural pink lips, natural adult proportions, consistent recognizable facial identity, realistic photograph, face clearly resolved at medium and full-body distance, adult Chinese woman, age 25, full-body evening portrait standing beside a velvet chair, tailored black blazer over an ivory camisole with a knee-length satin skirt, black hair in a precise French twist, one hand lightly touching the chair back, direct composed gaze, balanced blue-hour window light and warm interior fill preserving her complete face"
2026-08-26_18-37-11_2232.png,2026-08-26T18:37:11,cyberrealisticXL_desireV30,198634901514153639,,,,,metadata,True,0.8336467742919922,0.6712191700935364,0.82429039478302,D:\Fooocus\Fooocus\outputs\2026-08-26\2026-08-26_18-37-11_2232.png,"adult Chinese woman, age 18, petite build, softly rounded face, gently full cheeks, dark almond-shaped brown eyes, delicate arched brows, small straight nose, soft natural pink lips, natural adult proportions, consistent recognizable facial identity, realistic photograph, face clearly resolved at medium and full-body distance, adult Chinese woman, age 25, full-body evening portrait standing beside a velvet chair, tailored black blazer over an ivory camisole with a knee-length satin skirt, black hair in a precise French twist, one hand lightly touching the chair back, direct composed gaze, balanced blue-hour window light and warm interior fill preserving her complete face"
2026-08-26_18-38-00_3202.png,2026-08-26T18:38:01,juggernautXL_ragnarok,7854899974992700701,,,,,metadata,True,0.8096043467521667,0.6518610715866089,0.7860621809959412,D:\Fooocus\Fooocus\outputs\2026-08-26\2026-08-26_18-38-00_3202.png,"adult Chinese woman, age 18, petite build, softly rounded face, gently full cheeks, dark almond-shaped brown eyes, delicate arched brows, small straight nose, soft natural pink lips, natural adult proportions, consistent recognizable facial identity, realistic photograph, face clearly resolved at medium and full-body distance, adult Chinese woman, age 25, head-to-knees studio portrait standing squarely toward the camera, fitted ivory crew-neck top and tailored black trousers, long straight black hair tucked behind both ears, relaxed direct eye contact, neutral warm-gray backdrop, broad softbox lighting, complete face unobstructed and sharply resolved"
2026-08-26_18-38-10_8026.png,2026-08-26T18:38:11,juggernautXL_ragnarok,7854899974992700702,,,,,metadata,True,0.766562819480896,0.6172057390213013,0.7632361650466919,D:\Fooocus\Fooocus\outputs\2026-08-26\2026-08-26_18-38-10_8026.png,"adult Chinese woman, age 18, petite build, softly rounded face, gently full cheeks, dark almond-shaped brown eyes, delicate arched brows, small straight nose, soft natural pink lips, natural adult proportions, consistent recognizable facial identity, realistic photograph, face clearly resolved at medium and full-body distance, adult Chinese woman, age 25, head-to-knees studio portrait standing squarely toward the camera, fitted ivory crew-neck top and tailored black trousers, long straight black hair tucked behind both ears, relaxed direct eye contact, neutral warm-gray backdrop, broad softbox lighting, complete face unobstructed and sharply resolved"
2026-08-26_18-38-20_8956.png,2026-08-26T18:38:20,juggernautXL_ragnarok,7854899974992700703,,,,,metadata,True,0.7716144323348999,0.6212730407714844,0.8034448623657227,D:\Fooocus\Fooocus\outputs\2026-08-26\2026-08-26_18-38-20_8956.png,"adult Chinese woman, age 18, petite build, softly rounded face, gently full cheeks, dark almond-shaped brown eyes, delicate arched brows, small straight nose, soft natural pink lips, natural adult proportions, consistent recognizable facial identity, realistic photograph, face clearly resolved at medium and full-body distance, adult Chinese woman, age 25, head-to-knees studio portrait standing squarely toward the camera, fitted ivory crew-neck top and tailored black trousers, long straight black hair tucked behind both ears, relaxed direct eye contact, neutral warm-gray backdrop, broad softbox lighting, complete face unobstructed and sharply resolved"
2026-08-26_18-38-29_9819.png,2026-08-26T18:38:30,juggernautXL_ragnarok,7854899974992700704,,,,,metadata,True,0.7462539672851562,0.6008539795875549,0.7526633739471436,D:\Fooocus\Fooocus\outputs\2026-08-26\2026-08-26_18-38-29_9819.png,"adult Chinese woman, age 18, petite build, softly rounded face, gently full cheeks, dark almond-shaped brown eyes, delicate arched brows, small straight nose, soft natural pink lips, natural adult proportions, consistent recognizable facial identity, realistic photograph, face clearly resolved at medium and full-body distance, adult Chinese woman, age 25, head-to-knees studio portrait standing squarely toward the camera, fitted ivory crew-neck top and tailored black trousers, long straight black hair tucked behind both ears, relaxed direct eye contact, neutral warm-gray backdrop, broad softbox lighting, complete face unobstructed and sharply resolved"
2026-08-26_18-38-39_2252.png,2026-08-26T18:38:39,juggernautXL_ragnarok,7854899974992700705,,,,,metadata,True,0.8169642686843872,0.6577869057655334,0.7737191915512085,D:\Fooocus\Fooocus\outputs\2026-08-26\2026-08-26_18-38-39_2252.png,"adult Chinese woman, age 18, petite build, softly rounded face, gently full cheeks, dark almond-shaped brown eyes, delicate arched brows, small straight nose, soft natural pink lips, natural adult proportions, consistent recognizable facial identity, realistic photograph, face clearly resolved at medium and full-body distance, adult Chinese woman, age 25, head-to-knees fashion portrait in a quiet hotel suite, simple navy knee-length dress, black hair in a low ponytail, body angled three-quarters while her face turns directly toward the camera, hands relaxed at her sides, warm even lamp light, crisp eyes and natural adult facial proportions"
2026-08-26_18-38-48_9723.png,2026-08-26T18:38:49,juggernautXL_ragnarok,7854899974992700706,,,,,metadata,True,0.8348163962364197,0.6721608638763428,0.8119799494743347,D:\Fooocus\Fooocus\outputs\2026-08-26\2026-08-26_18-38-48_9723.png,"adult Chinese woman, age 18, petite build, softly rounded face, gently full cheeks, dark almond-shaped brown eyes, delicate arched brows, small straight nose, soft natural pink lips, natural adult proportions, consistent recognizable facial identity, realistic photograph, face clearly resolved at medium and full-body distance, adult Chinese woman, age 25, head-to-knees fashion portrait in a quiet hotel suite, simple navy knee-length dress, black hair in a low ponytail, body angled three-quarters while her face turns directly toward the camera, hands relaxed at her sides, warm even lamp light, crisp eyes and natural adult facial proportions"
2026-08-26_18-38-58_3007.png,2026-08-26T18:38:59,juggernautXL_ragnarok,7854899974992700707,,,,,metadata,True,0.8111675381660461,0.6531198620796204,0.7664084434509277,D:\Fooocus\Fooocus\outputs\2026-08-26\2026-08-26_18-38-58_3007.png,"adult Chinese woman, age 18, petite build, softly rounded face, gently full cheeks, dark almond-shaped brown eyes, delicate arched brows, small straight nose, soft natural pink lips, natural adult proportions, consistent recognizable facial identity, realistic photograph, face clearly resolved at medium and full-body distance, adult Chinese woman, age 25, head-to-knees fashion portrait in a quiet hotel suite, simple navy knee-length dress, black hair in a low ponytail, body angled three-quarters while her face turns directly toward the camera, hands relaxed at her sides, warm even lamp light, crisp eyes and natural adult facial proportions"
2026-08-26_18-39-06_8591.png,2026-08-26T18:39:06,juggernautXL_ragnarok,7854899974992700708,,,,,metadata,True,0.8194273114204407,0.659770131111145,0.7561195492744446,D:\Fooocus\Fooocus\outputs\2026-08-26\2026-08-26_18-39-06_8591.png,"adult Chinese woman, age 18, petite build, softly rounded face, gently full cheeks, dark almond-shaped brown eyes, delicate arched brows, small straight nose, soft natural pink lips, natural adult proportions, consistent recognizable facial identity, realistic photograph, face clearly resolved at medium and full-body distance, adult Chinese woman, age 25, head-to-knees fashion portrait in a quiet hotel suite, simple navy knee-length dress, black hair in a low ponytail, body angled three-quarters while her face turns directly toward the camera, hands relaxed at her sides, warm even lamp light, crisp eyes and natural adult facial proportions"
2026-08-26_18-39-14_9132.png,2026-08-26T18:39:14,juggernautXL_ragnarok,7854899974992700709,,,,,metadata,True,0.7945959568023682,0.6397771239280701,0.7500381469726562,D:\Fooocus\Fooocus\outputs\2026-08-26\2026-08-26_18-39-14_9132.png,"adult Chinese woman, age 18, petite build, softly rounded face, gently full cheeks, dark almond-shaped brown eyes, delicate arched brows, small straight nose, soft natural pink lips, natural adult proportions, consistent recognizable facial identity, realistic photograph, face clearly resolved at medium and full-body distance, adult Chinese woman, age 25, full-body studio portrait standing naturally with weight on one hip, white fitted T-shirt, dark straight-leg jeans and simple heels, long black hair worn loose, friendly direct smile, camera close enough to preserve clear facial detail, neutral seamless backdrop and clean diffused light"
2026-08-26_18-39-21_4473.png,2026-08-26T18:39:22,juggernautXL_ragnarok,7854899974992700710,,,,,metadata,True,0.8051552772521973,0.6482788324356079,0.8168724179267883,D:\Fooocus\Fooocus\outputs\2026-08-26\2026-08-26_18-39-21_4473.png,"adult Chinese woman, age 18, petite build, softly rounded face, gently full cheeks, dark almond-shaped brown eyes, delicate arched brows, small straight nose, soft natural pink lips, natural adult proportions, consistent recognizable facial identity, realistic photograph, face clearly resolved at medium and full-body distance, adult Chinese woman, age 25, full-body studio portrait standing naturally with weight on one hip, white fitted T-shirt, dark straight-leg jeans and simple heels, long black hair worn loose, friendly direct smile, camera close enough to preserve clear facial detail, neutral seamless backdrop and clean diffused light"
2026-08-26_18-39-29_8234.png,2026-08-26T18:39:29,juggernautXL_ragnarok,7854899974992700711,,,,,metadata,True,0.7995854020118713,0.6437942385673523,0.7648383378982544,D:\Fooocus\Fooocus\outputs\2026-08-26\2026-08-26_18-39-29_8234.png,"adult Chinese woman, age 18, petite build, softly rounded face, gently full cheeks, dark almond-shaped brown eyes, delicate arched brows, small straight nose, soft natural pink lips, natural adult proportions, consistent recognizable facial identity, realistic photograph, face clearly resolved at medium and full-body distance, adult Chinese woman, age 25, full-body studio portrait standing naturally with weight on one hip, white fitted T-shirt, dark straight-leg jeans and simple heels, long black hair worn loose, friendly direct smile, camera close enough to preserve clear facial detail, neutral seamless backdrop and clean diffused light"
2026-08-26_18-39-36_4309.png,2026-08-26T18:39:37,juggernautXL_ragnarok,7854899974992700712,,,,,metadata,True,0.755334734916687,0.6081653833389282,0.7473475933074951,D:\Fooocus\Fooocus\outputs\2026-08-26\2026-08-26_18-39-36_4309.png,"adult Chinese woman, age 18, petite build, softly rounded face, gently full cheeks, dark almond-shaped brown eyes, delicate arched brows, small straight nose, soft natural pink lips, natural adult proportions, consistent recognizable facial identity, realistic photograph, face clearly resolved at medium and full-body distance, adult Chinese woman, age 25, full-body studio portrait standing naturally with weight on one hip, white fitted T-shirt, dark straight-leg jeans and simple heels, long black hair worn loose, friendly direct smile, camera close enough to preserve clear facial detail, neutral seamless backdrop and clean diffused light"
2026-08-26_18-39-44_4244.png,2026-08-26T18:39:44,juggernautXL_ragnarok,7854899974992700713,,,,,metadata,True,0.7729072570800781,0.6223140358924866,0.7896753549575806,D:\Fooocus\Fooocus\outputs\2026-08-26\2026-08-26_18-39-44_4244.png,"adult Chinese woman, age 18, petite build, softly rounded face, gently full cheeks, dark almond-shaped brown eyes, delicate arched brows, small straight nose, soft natural pink lips, natural adult proportions, consistent recognizable facial identity, realistic photograph, face clearly resolved at medium and full-body distance, adult Chinese woman, age 25, full-body outdoor portrait walking slowly toward the camera on a garden path, knee-length green wrap dress and low heels, black hair moving lightly in the breeze, alert direct gaze, face fully visible and sharply focused, soft overcast daylight and restrained foliage bokeh"
2026-08-26_18-39-51_2969.png,2026-08-26T18:39:52,juggernautXL_ragnarok,7854899974992700714,,,,,metadata,True,0.793709933757782,0.6390635967254639,0.8243417739868164,D:\Fooocus\Fooocus\outputs\2026-08-26\2026-08-26_18-39-51_2969.png,"adult Chinese woman, age 18, petite build, softly rounded face, gently full cheeks, dark almond-shaped brown eyes, delicate arched brows, small straight nose, soft natural pink lips, natural adult proportions, consistent recognizable facial identity, realistic photograph, face clearly resolved at medium and full-body distance, adult Chinese woman, age 25, full-body outdoor portrait walking slowly toward the camera on a garden path, knee-length green wrap dress and low heels, black hair moving lightly in the breeze, alert direct gaze, face fully visible and sharply focused, soft overcast daylight and restrained foliage bokeh"
2026-08-26_18-39-59_7245.png,2026-08-26T18:39:59,juggernautXL_ragnarok,7854899974992700715,,,,,metadata,True,0.7680732607841492,0.6184219121932983,0.787846565246582,D:\Fooocus\Fooocus\outputs\2026-08-26\2026-08-26_18-39-59_7245.png,"adult Chinese woman, age 18, petite build, softly rounded face, gently full cheeks, dark almond-shaped brown eyes, delicate arched brows, small straight nose, soft natural pink lips, natural adult proportions, consistent recognizable facial identity, realistic photograph, face clearly resolved at medium and full-body distance, adult Chinese woman, age 25, full-body outdoor portrait walking slowly toward the camera on a garden path, knee-length green wrap dress and low heels, black hair moving lightly in the breeze, alert direct gaze, face fully visible and sharply focused, soft overcast daylight and restrained foliage bokeh"
2026-08-26_18-40-06_5721.png,2026-08-26T18:40:07,juggernautXL_ragnarok,7854899974992700716,,,,,metadata,True,0.7627205848693848,0.6141121983528137,0.7471412420272827,D:\Fooocus\Fooocus\outputs\2026-08-26\2026-08-26_18-40-06_5721.png,"adult Chinese woman, age 18, petite build, softly rounded face, gently full cheeks, dark almond-shaped brown eyes, delicate arched brows, small straight nose, soft natural pink lips, natural adult proportions, consistent recognizable facial identity, realistic photograph, face clearly resolved at medium and full-body distance, adult Chinese woman, age 25, full-body outdoor portrait walking slowly toward the camera on a garden path, knee-length green wrap dress and low heels, black hair moving lightly in the breeze, alert direct gaze, face fully visible and sharply focused, soft overcast daylight and restrained foliage bokeh"
2026-08-26_18-40-14_2708.png,2026-08-26T18:40:14,juggernautXL_ragnarok,7854899974992700717,,,,,metadata,True,0.7813740968704224,0.6291311979293823,0.7163841128349304,D:\Fooocus\Fooocus\outputs\2026-08-26\2026-08-26_18-40-14_2708.png,"adult Chinese woman, age 18, petite build, softly rounded face, gently full cheeks, dark almond-shaped brown eyes, delicate arched brows, small straight nose, soft natural pink lips, natural adult proportions, consistent recognizable facial identity, realistic photograph, face clearly resolved at medium and full-body distance, adult Chinese woman, age 25, full-body rear three-quarter portrait beside a plain studio wall, cream sweater and fitted dark trousers, black hair in a low ponytail, shoulders and complete face turned clearly back toward the camera, subtle closed-lip smile, simple pose and bright neutral lighting"
2026-08-26_18-40-21_2878.png,2026-08-26T18:40:22,juggernautXL_ragnarok,7854899974992700718,,,,,metadata,True,0.7913190126419067,0.6371384263038635,0.7342366576194763,D:\Fooocus\Fooocus\outputs\2026-08-26\2026-08-26_18-40-21_2878.png,"adult Chinese woman, age 18, petite build, softly rounded face, gently full cheeks, dark almond-shaped brown eyes, delicate arched brows, small straight nose, soft natural pink lips, natural adult proportions, consistent recognizable facial identity, realistic photograph, face clearly resolved at medium and full-body distance, adult Chinese woman, age 25, full-body rear three-quarter portrait beside a plain studio wall, cream sweater and fitted dark trousers, black hair in a low ponytail, shoulders and complete face turned clearly back toward the camera, subtle closed-lip smile, simple pose and bright neutral lighting"
2026-08-26_18-40-29_8809.png,2026-08-26T18:40:29,juggernautXL_ragnarok,7854899974992700719,,,,,metadata,True,0.8215779662132263,0.6615017652511597,0.7506192922592163,D:\Fooocus\Fooocus\outputs\2026-08-26\2026-08-26_18-40-29_8809.png,"adult Chinese woman, age 18, petite build, softly rounded face, gently full cheeks, dark almond-shaped brown eyes, delicate arched brows, small straight nose, soft natural pink lips, natural adult proportions, consistent recognizable facial identity, realistic photograph, face clearly resolved at medium and full-body distance, adult Chinese woman, age 25, full-body rear three-quarter portrait beside a plain studio wall, cream sweater and fitted dark trousers, black hair in a low ponytail, shoulders and complete face turned clearly back toward the camera, subtle closed-lip smile, simple pose and bright neutral lighting"
2026-08-26_18-40-36_4433.png,2026-08-26T18:40:36,juggernautXL_ragnarok,7854899974992700720,,,,,metadata,True,0.7962639331817627,0.6411199569702148,0.7847097516059875,D:\Fooocus\Fooocus\outputs\2026-08-26\2026-08-26_18-40-36_4433.png,"adult Chinese woman, age 18, petite build, softly rounded face, gently full cheeks, dark almond-shaped brown eyes, delicate arched brows, small straight nose, soft natural pink lips, natural adult proportions, consistent recognizable facial identity, realistic photograph, face clearly resolved at medium and full-body distance, adult Chinese woman, age 25, full-body rear three-quarter portrait beside a plain studio wall, cream sweater and fitted dark trousers, black hair in a low ponytail, shoulders and complete face turned clearly back toward the camera, subtle closed-lip smile, simple pose and bright neutral lighting"
2026-08-26_18-40-45_6714.png,2026-08-26T18:40:46,juggernautXL_ragnarok,7854899974992700721,,,,,metadata,True,0.826241135597229,0.6652565002441406,0.8072277903556824,D:\Fooocus\Fooocus\outputs\2026-08-26\2026-08-26_18-40-45_6714.png,"adult Chinese woman, age 18, petite build, softly rounded face, gently full cheeks, dark almond-shaped brown eyes, delicate arched brows, small straight nose, soft natural pink lips, natural adult proportions, consistent recognizable facial identity, realistic photograph, face clearly resolved at medium and full-body distance, adult Chinese woman, age 25, head-to-knees seated portrait near the front of a simple chair, dark-red knee-length dress, polished braided updo, knees together and ankles angled slightly aside, hands resting naturally on her thighs, warm direct smile, evenly lit face and uncluttered cream background"
2026-08-26_18-40-53_4461.png,2026-08-26T18:40:54,juggernautXL_ragnarok,7854899974992700722,,,,,metadata,True,0.7877030372619629,0.6342270970344543,0.7596637606620789,D:\Fooocus\Fooocus\outputs\2026-08-26\2026-08-26_18-40-53_4461.png,"adult Chinese woman, age 18, petite build, softly rounded face, gently full cheeks, dark almond-shaped brown eyes, delicate arched brows, small straight nose, soft natural pink lips, natural adult proportions, consistent recognizable facial identity, realistic photograph, face clearly resolved at medium and full-body distance, adult Chinese woman, age 25, head-to-knees seated portrait near the front of a simple chair, dark-red knee-length dress, polished braided updo, knees together and ankles angled slightly aside, hands resting naturally on her thighs, warm direct smile, evenly lit face and uncluttered cream background"
2026-08-26_18-41-03_2483.png,2026-08-26T18:41:03,juggernautXL_ragnarok,7854899974992700723,,,,,metadata,True,0.7748457193374634,0.6238749027252197,0.7480605840682983,D:\Fooocus\Fooocus\outputs\2026-08-26\2026-08-26_18-41-03_2483.png,"adult Chinese woman, age 18, petite build, softly rounded face, gently full cheeks, dark almond-shaped brown eyes, delicate arched brows, small straight nose, soft natural pink lips, natural adult proportions, consistent recognizable facial identity, realistic photograph, face clearly resolved at medium and full-body distance, adult Chinese woman, age 25, head-to-knees seated portrait near the front of a simple chair, dark-red knee-length dress, polished braided updo, knees together and ankles angled slightly aside, hands resting naturally on her thighs, warm direct smile, evenly lit face and uncluttered cream background"
2026-08-26_18-41-10_8512.png,2026-08-26T18:41:11,juggernautXL_ragnarok,7854899974992700724,,,,,metadata,True,0.7820971012115479,0.6297134160995483,0.784955620765686,D:\Fooocus\Fooocus\outputs\2026-08-26\2026-08-26_18-41-10_8512.png,"adult Chinese woman, age 18, petite build, softly rounded face, gently full cheeks, dark almond-shaped brown eyes, delicate arched brows, small straight nose, soft natural pink lips, natural adult proportions, consistent recognizable facial identity, realistic photograph, face clearly resolved at medium and full-body distance, adult Chinese woman, age 25, head-to-knees seated portrait near the front of a simple chair, dark-red knee-length dress, polished braided updo, knees together and ankles angled slightly aside, hands resting naturally on her thighs, warm direct smile, evenly lit face and uncluttered cream background"
2026-08-26_18-41-17_8307.png,2026-08-26T18:41:18,juggernautXL_ragnarok,7854899974992700725,,,,,metadata,True,0.7886881828308105,0.6350202560424805,0.7915350794792175,D:\Fooocus\Fooocus\outputs\2026-08-26\2026-08-26_18-41-17_8307.png,"adult Chinese woman, age 18, petite build, softly rounded face, gently full cheeks, dark almond-shaped brown eyes, delicate arched brows, small straight nose, soft natural pink lips, natural adult proportions, consistent recognizable facial identity, realistic photograph, face clearly resolved at medium and full-body distance, adult Chinese woman, age 25, three-quarter portrait perched on a waist-high counter with one leg relaxed downward, fitted navy blouse and high-waisted white shorts, black hair in a smooth high ponytail, hands braced beside her hips, face lifted directly toward the camera, bright loft daylight and crisp facial detail"
2026-08-26_18-41-25_5000.png,2026-08-26T18:41:25,juggernautXL_ragnarok,7854899974992700726,,,,,metadata,True,0.814047634601593,0.6554386615753174,0.8306469917297363,D:\Fooocus\Fooocus\outputs\2026-08-26\2026-08-26_18-41-25_5000.png,"adult Chinese woman, age 18, petite build, softly rounded face, gently full cheeks, dark almond-shaped brown eyes, delicate arched brows, small straight nose, soft natural pink lips, natural adult proportions, consistent recognizable facial identity, realistic photograph, face clearly resolved at medium and full-body distance, adult Chinese woman, age 25, three-quarter portrait perched on a waist-high counter with one leg relaxed downward, fitted navy blouse and high-waisted white shorts, black hair in a smooth high ponytail, hands braced beside her hips, face lifted directly toward the camera, bright loft daylight and crisp facial detail"
2026-08-26_18-41-32_9089.png,2026-08-26T18:41:33,juggernautXL_ragnarok,7854899974992700727,,,,,metadata,True,0.8239423036575317,0.6634054780006409,0.7965049147605896,D:\Fooocus\Fooocus\outputs\2026-08-26\2026-08-26_18-41-32_9089.png,"adult Chinese woman, age 18, petite build, softly rounded face, gently full cheeks, dark almond-shaped brown eyes, delicate arched brows, small straight nose, soft natural pink lips, natural adult proportions, consistent recognizable facial identity, realistic photograph, face clearly resolved at medium and full-body distance, adult Chinese woman, age 25, three-quarter portrait perched on a waist-high counter with one leg relaxed downward, fitted navy blouse and high-waisted white shorts, black hair in a smooth high ponytail, hands braced beside her hips, face lifted directly toward the camera, bright loft daylight and crisp facial detail"
2026-08-26_18-41-40_4625.png,2026-08-26T18:41:40,juggernautXL_ragnarok,7854899974992700728,,,,,metadata,True,0.7980658411979675,0.6425706148147583,0.8000701665878296,D:\Fooocus\Fooocus\outputs\2026-08-26\2026-08-26_18-41-40_4625.png,"adult Chinese woman, age 18, petite build, softly rounded face, gently full cheeks, dark almond-shaped brown eyes, delicate arched brows, small straight nose, soft natural pink lips, natural adult proportions, consistent recognizable facial identity, realistic photograph, face clearly resolved at medium and full-body distance, adult Chinese woman, age 25, three-quarter portrait perched on a waist-high counter with one leg relaxed downward, fitted navy blouse and high-waisted white shorts, black hair in a smooth high ponytail, hands braced beside her hips, face lifted directly toward the camera, bright loft daylight and crisp facial detail"
2026-08-26_18-41-47_6880.png,2026-08-26T18:41:48,juggernautXL_ragnarok,7854899974992700729,,,,,metadata,True,0.7961850762367249,0.641056478023529,0.8013496994972229,D:\Fooocus\Fooocus\outputs\2026-08-26\2026-08-26_18-41-47_6880.png,"adult Chinese woman, age 18, petite build, softly rounded face, gently full cheeks, dark almond-shaped brown eyes, delicate arched brows, small straight nose, soft natural pink lips, natural adult proportions, consistent recognizable facial identity, realistic photograph, face clearly resolved at medium and full-body distance, adult Chinese woman, age 25, three-quarter portrait sitting cross-legged on a pale studio floor, fitted charcoal long-sleeve top and cream trousers, long center-parted black hair, shoulders open and posture relaxed, spontaneous adult smile, broad diffused light and a clean background"
2026-08-26_18-41-55_6634.png,2026-08-26T18:41:55,juggernautXL_ragnarok,7854899974992700730,,,,,metadata,True,0.784008800983429,0.6312524676322937,0.743484377861023,D:\Fooocus\Fooocus\outputs\2026-08-26\2026-08-26_18-41-55_6634.png,"adult Chinese woman, age 18, petite build, softly rounded face, gently full cheeks, dark almond-shaped brown eyes, delicate arched brows, small straight nose, soft natural pink lips, natural adult proportions, consistent recognizable facial identity, realistic photograph, face clearly resolved at medium and full-body distance, adult Chinese woman, age 25, three-quarter portrait sitting cross-legged on a pale studio floor, fitted charcoal long-sleeve top and cream trousers, long center-parted black hair, shoulders open and posture relaxed, spontaneous adult smile, broad diffused light and a clean background"
2026-08-26_18-42-02_2526.png,2026-08-26T18:42:03,juggernautXL_ragnarok,7854899974992700731,,,,,metadata,True,0.7838940620422363,0.631160318851471,0.7611759901046753,D:\Fooocus\Fooocus\outputs\2026-08-26\2026-08-26_18-42-02_2526.png,"adult Chinese woman, age 18, petite build, softly rounded face, gently full cheeks, dark almond-shaped brown eyes, delicate arched brows, small straight nose, soft natural pink lips, natural adult proportions, consistent recognizable facial identity, realistic photograph, face clearly resolved at medium and full-body distance, adult Chinese woman, age 25, three-quarter portrait sitting cross-legged on a pale studio floor, fitted charcoal long-sleeve top and cream trousers, long center-parted black hair, shoulders open and posture relaxed, spontaneous adult smile, broad diffused light and a clean background"
2026-08-26_18-42-10_2548.png,2026-08-26T18:42:10,juggernautXL_ragnarok,7854899974992700732,,,,,metadata,True,0.7567921876907349,0.6093388199806213,0.7476133704185486,D:\Fooocus\Fooocus\outputs\2026-08-26\2026-08-26_18-42-10_2548.png,"adult Chinese woman, age 18, petite build, softly rounded face, gently full cheeks, dark almond-shaped brown eyes, delicate arched brows, small straight nose, soft natural pink lips, natural adult proportions, consistent recognizable facial identity, realistic photograph, face clearly resolved at medium and full-body distance, adult Chinese woman, age 25, three-quarter portrait sitting cross-legged on a pale studio floor, fitted charcoal long-sleeve top and cream trousers, long center-parted black hair, shoulders open and posture relaxed, spontaneous adult smile, broad diffused light and a clean background"
2026-08-26_18-42-19_6141.png,2026-08-26T18:42:20,juggernautXL_ragnarok,7854899974992700733,,,,,metadata,True,0.6836639642715454,0.5504589676856995,0.6341851949691772,D:\Fooocus\Fooocus\outputs\2026-08-26\2026-08-26_18-42-19_6141.png,"adult Chinese woman, age 18, petite build, softly rounded face, gently full cheeks, dark almond-shaped brown eyes, delicate arched brows, small straight nose, soft natural pink lips, natural adult proportions, consistent recognizable facial identity, realistic photograph, face clearly resolved at medium and full-body distance, adult Chinese woman, age 25, head-to-knees portrait leaning lightly against a doorway, pale-blue blouse and tailored burgundy skirt, sleek chin-length black bob, ankles loosely crossed and arms relaxed, steady direct eye contact, soft window light with both eyes clearly visible"
2026-08-26_18-42-28_3065.png,2026-08-26T18:42:29,juggernautXL_ragnarok,7854899974992700734,,,,,metadata,True,0.7621300220489502,0.6136367321014404,0.7524667978286743,D:\Fooocus\Fooocus\outputs\2026-08-26\2026-08-26_18-42-28_3065.png,"adult Chinese woman, age 18, petite build, softly rounded face, gently full cheeks, dark almond-shaped brown eyes, delicate arched brows, small straight nose, soft natural pink lips, natural adult proportions, consistent recognizable facial identity, realistic photograph, face clearly resolved at medium and full-body distance, adult Chinese woman, age 25, head-to-knees portrait leaning lightly against a doorway, pale-blue blouse and tailored burgundy skirt, sleek chin-length black bob, ankles loosely crossed and arms relaxed, steady direct eye contact, soft window light with both eyes clearly visible"
2026-08-26_18-42-36_8313.png,2026-08-26T18:42:36,juggernautXL_ragnarok,7854899974992700735,,,,,metadata,True,0.769513726234436,0.6195816397666931,0.7364999651908875,D:\Fooocus\Fooocus\outputs\2026-08-26\2026-08-26_18-42-36_8313.png,"adult Chinese woman, age 18, petite build, softly rounded face, gently full cheeks, dark almond-shaped brown eyes, delicate arched brows, small straight nose, soft natural pink lips, natural adult proportions, consistent recognizable facial identity, realistic photograph, face clearly resolved at medium and full-body distance, adult Chinese woman, age 25, head-to-knees portrait leaning lightly against a doorway, pale-blue blouse and tailored burgundy skirt, sleek chin-length black bob, ankles loosely crossed and arms relaxed, steady direct eye contact, soft window light with both eyes clearly visible"
2026-08-26_18-42-45_2521.png,2026-08-26T18:42:46,juggernautXL_ragnarok,7854899974992700736,,,,,metadata,True,0.734870433807373,0.5916882753372192,0.6723146438598633,D:\Fooocus\Fooocus\outputs\2026-08-26\2026-08-26_18-42-45_2521.png,"adult Chinese woman, age 18, petite build, softly rounded face, gently full cheeks, dark almond-shaped brown eyes, delicate arched brows, small straight nose, soft natural pink lips, natural adult proportions, consistent recognizable facial identity, realistic photograph, face clearly resolved at medium and full-body distance, adult Chinese woman, age 25, head-to-knees portrait leaning lightly against a doorway, pale-blue blouse and tailored burgundy skirt, sleek chin-length black bob, ankles loosely crossed and arms relaxed, steady direct eye contact, soft window light with both eyes clearly visible"
2026-08-26_18-42-53_7154.png,2026-08-26T18:42:53,juggernautXL_ragnarok,7854899974992700737,,,,,metadata,True,0.7679269313812256,0.6183041334152222,0.7478272318840027,D:\Fooocus\Fooocus\outputs\2026-08-26\2026-08-26_18-42-53_7154.png,"adult Chinese woman, age 18, petite build, softly rounded face, gently full cheeks, dark almond-shaped brown eyes, delicate arched brows, small straight nose, soft natural pink lips, natural adult proportions, consistent recognizable facial identity, realistic photograph, face clearly resolved at medium and full-body distance, adult Chinese woman, age 25, full-body poolside fashion portrait standing barefoot with feet close together, elegant cobalt one-piece swimsuit, wet-look black hair swept behind her shoulders, restrained confident smile, face fully visible and in focus, natural overcast daylight with soft water reflections"
2026-08-26_18-43-00_3820.png,2026-08-26T18:43:01,juggernautXL_ragnarok,7854899974992700738,,,,,metadata,True,0.8552415370941162,0.6886065006256104,0.7959843873977661,D:\Fooocus\Fooocus\outputs\2026-08-26\2026-08-26_18-43-00_3820.png,"adult Chinese woman, age 18, petite build, softly rounded face, gently full cheeks, dark almond-shaped brown eyes, delicate arched brows, small straight nose, soft natural pink lips, natural adult proportions, consistent recognizable facial identity, realistic photograph, face clearly resolved at medium and full-body distance, adult Chinese woman, age 25, full-body poolside fashion portrait standing barefoot with feet close together, elegant cobalt one-piece swimsuit, wet-look black hair swept behind her shoulders, restrained confident smile, face fully visible and in focus, natural overcast daylight with soft water reflections"
2026-08-26_18-43-08_4686.png,2026-08-26T18:43:08,juggernautXL_ragnarok,7854899974992700739,,,,,metadata,True,0.7755702137947083,0.6244581341743469,0.7463961839675903,D:\Fooocus\Fooocus\outputs\2026-08-26\2026-08-26_18-43-08_4686.png,"adult Chinese woman, age 18, petite build, softly rounded face, gently full cheeks, dark almond-shaped brown eyes, delicate arched brows, small straight nose, soft natural pink lips, natural adult proportions, consistent recognizable facial identity, realistic photograph, face clearly resolved at medium and full-body distance, adult Chinese woman, age 25, full-body poolside fashion portrait standing barefoot with feet close together, elegant cobalt one-piece swimsuit, wet-look black hair swept behind her shoulders, restrained confident smile, face fully visible and in focus, natural overcast daylight with soft water reflections"
2026-08-26_18-43-15_6710.png,2026-08-26T18:43:16,juggernautXL_ragnarok,7854899974992700740,,,,,metadata,True,0.7901707291603088,0.6362140774726868,0.7507727146148682,D:\Fooocus\Fooocus\outputs\2026-08-26\2026-08-26_18-43-15_6710.png,"adult Chinese woman, age 18, petite build, softly rounded face, gently full cheeks, dark almond-shaped brown eyes, delicate arched brows, small straight nose, soft natural pink lips, natural adult proportions, consistent recognizable facial identity, realistic photograph, face clearly resolved at medium and full-body distance, adult Chinese woman, age 25, full-body poolside fashion portrait standing barefoot with feet close together, elegant cobalt one-piece swimsuit, wet-look black hair swept behind her shoulders, restrained confident smile, face fully visible and in focus, natural overcast daylight with soft water reflections"
2026-08-26_18-43-25_5519.png,2026-08-26T18:43:25,juggernautXL_ragnarok,7854899974992700741,,,,,metadata,True,0.7704882621765137,0.6203663945198059,0.7443615198135376,D:\Fooocus\Fooocus\outputs\2026-08-26\2026-08-26_18-43-25_5519.png,"adult Chinese woman, age 18, petite build, softly rounded face, gently full cheeks, dark almond-shaped brown eyes, delicate arched brows, small straight nose, soft natural pink lips, natural adult proportions, consistent recognizable facial identity, realistic photograph, face clearly resolved at medium and full-body distance, adult Chinese woman, age 25, head-to-knees side-profile portrait beside a tall studio window, simple black mock-neck dress, long black hair falling behind her shoulder, chin level and hands relaxed below the waist, clean profile of forehead, nose, lips and jaw, neutral daylight and sharp facial detail"
2026-08-26_18-43-34_2800.png,2026-08-26T18:43:35,juggernautXL_ragnarok,7854899974992700742,,,,,metadata,True,0.7637728452682495,0.6149593591690063,0.7802051305770874,D:\Fooocus\Fooocus\outputs\2026-08-26\2026-08-26_18-43-34_2800.png,"adult Chinese woman, age 18, petite build, softly rounded face, gently full cheeks, dark almond-shaped brown eyes, delicate arched brows, small straight nose, soft natural pink lips, natural adult proportions, consistent recognizable facial identity, realistic photograph, face clearly resolved at medium and full-body distance, adult Chinese woman, age 25, head-to-knees side-profile portrait beside a tall studio window, simple black mock-neck dress, long black hair falling behind her shoulder, chin level and hands relaxed below the waist, clean profile of forehead, nose, lips and jaw, neutral daylight and sharp facial detail"
2026-08-26_18-43-44_3629.png,2026-08-26T18:43:44,juggernautXL_ragnarok,7854899974992700743,,,,,metadata,True,0.765188992023468,0.6160995960235596,0.7384594082832336,D:\Fooocus\Fooocus\outputs\2026-08-26\2026-08-26_18-43-44_3629.png,"adult Chinese woman, age 18, petite build, softly rounded face, gently full cheeks, dark almond-shaped brown eyes, delicate arched brows, small straight nose, soft natural pink lips, natural adult proportions, consistent recognizable facial identity, realistic photograph, face clearly resolved at medium and full-body distance, adult Chinese woman, age 25, head-to-knees side-profile portrait beside a tall studio window, simple black mock-neck dress, long black hair falling behind her shoulder, chin level and hands relaxed below the waist, clean profile of forehead, nose, lips and jaw, neutral daylight and sharp facial detail"
2026-08-26_18-43-53_1140.png,2026-08-26T18:43:54,juggernautXL_ragnarok,7854899974992700744,,,,,metadata,True,0.7904696464538574,0.6364545822143555,0.7627784013748169,D:\Fooocus\Fooocus\outputs\2026-08-26\2026-08-26_18-43-53_1140.png,"adult Chinese woman, age 18, petite build, softly rounded face, gently full cheeks, dark almond-shaped brown eyes, delicate arched brows, small straight nose, soft natural pink lips, natural adult proportions, consistent recognizable facial identity, realistic photograph, face clearly resolved at medium and full-body distance, adult Chinese woman, age 25, head-to-knees side-profile portrait beside a tall studio window, simple black mock-neck dress, long black hair falling behind her shoulder, chin level and hands relaxed below the waist, clean profile of forehead, nose, lips and jaw, neutral daylight and sharp facial detail"
2026-08-26_18-44-01_3038.png,2026-08-26T18:44:01,juggernautXL_ragnarok,7854899974992700745,,,,,metadata,True,0.7942134141921997,0.6394690275192261,0.7441132068634033,D:\Fooocus\Fooocus\outputs\2026-08-26\2026-08-26_18-44-01_3038.png,"adult Chinese woman, age 18, petite build, softly rounded face, gently full cheeks, dark almond-shaped brown eyes, delicate arched brows, small straight nose, soft natural pink lips, natural adult proportions, consistent recognizable facial identity, realistic photograph, face clearly resolved at medium and full-body distance, adult Chinese woman, age 25, full-body evening portrait standing beside a velvet chair, tailored black blazer over an ivory camisole with a knee-length satin skirt, black hair in a precise French twist, one hand lightly touching the chair back, direct composed gaze, balanced blue-hour window light and warm interior fill preserving her complete face"
2026-08-26_18-44-08_1819.png,2026-08-26T18:44:09,juggernautXL_ragnarok,7854899974992700746,,,,,metadata,True,0.7972419261932373,0.6419073939323425,0.765668511390686,D:\Fooocus\Fooocus\outputs\2026-08-26\2026-08-26_18-44-08_1819.png,"adult Chinese woman, age 18, petite build, softly rounded face, gently full cheeks, dark almond-shaped brown eyes, delicate arched brows, small straight nose, soft natural pink lips, natural adult proportions, consistent recognizable facial identity, realistic photograph, face clearly resolved at medium and full-body distance, adult Chinese woman, age 25, full-body evening portrait standing beside a velvet chair, tailored black blazer over an ivory camisole with a knee-length satin skirt, black hair in a precise French twist, one hand lightly touching the chair back, direct composed gaze, balanced blue-hour window light and warm interior fill preserving her complete face"
2026-08-26_18-44-16_6327.png,2026-08-26T18:44:16,juggernautXL_ragnarok,7854899974992700747,,,,,metadata,True,0.8280755877494812,0.6667333841323853,0.7925945520401001,D:\Fooocus\Fooocus\outputs\2026-08-26\2026-08-26_18-44-16_6327.png,"adult Chinese woman, age 18, petite build, softly rounded face, gently full cheeks, dark almond-shaped brown eyes, delicate arched brows, small straight nose, soft natural pink lips, natural adult proportions, consistent recognizable facial identity, realistic photograph, face clearly resolved at medium and full-body distance, adult Chinese woman, age 25, full-body evening portrait standing beside a velvet chair, tailored black blazer over an ivory camisole with a knee-length satin skirt, black hair in a precise French twist, one hand lightly touching the chair back, direct composed gaze, balanced blue-hour window light and warm interior fill preserving her complete face"
2026-08-26_18-44-23_8406.png,2026-08-26T18:44:24,juggernautXL_ragnarok,7854899974992700748,,,,,metadata,True,0.7504209876060486,0.6042090654373169,0.7192947864532471,D:\Fooocus\Fooocus\outputs\2026-08-26\2026-08-26_18-44-23_8406.png,"adult Chinese woman, age 18, petite build, softly rounded face, gently full cheeks, dark almond-shaped brown eyes, delicate arched brows, small straight nose, soft natural pink lips, natural adult proportions, consistent recognizable facial identity, realistic photograph, face clearly resolved at medium and full-body distance, adult Chinese woman, age 25, full-body evening portrait standing beside a velvet chair, tailored black blazer over an ivory camisole with a knee-length satin skirt, black hair in a precise French twist, one hand lightly touching the chair back, direct composed gaze, balanced blue-hour window light and warm interior fill preserving her complete face"
